READING_DATETIME, GENERAL_SUPPLY_KWH
2013-06-01 00:00:00+00:00,268.0
2013-06-01 01:00:00+00:00,261.0
2013-06-01 02:00:00+00:00,259.0
2013-06-01 03:00:00+00:00,252.0
2013-06-01 04:00:00+00:00,258.0
2013-06-01 05:00:00+00:00,258.0
2013-06-01 06:00:00+00:00,230.0
2013-06-01 07:00:00+00:00,265.0
2013-06-01 08:00:00+00:00,241.0
2013-06-01 09:00:00+00:00,993.0
2013-06-01 10:00:00+00:00,2581.0000000000005
2013-06-01 11:00:00+00:00,2766.0
2013-06-01 12:00:00+00:00,1397.0
2013-06-01 13:00:00+00:00,639.0
2013-06-01 14:00:00+00:00,1464.0
2013-06-01 15:00:00+00:00,576.0
2013-06-01 16:00:00+00:00,476.0
2013-06-01 17:00:00+00:00,653.9999999999999
2013-06-01 18:00:00+00:00,511.0
2013-06-01 19:00:00+00:00,2551.0
2013-06-01 20:00:00+00:00,1697.0
2013-06-01 21:00:00+00:00,1075.0
2013-06-01 22:00:00+00:00,1045.0
2013-06-01 23:00:00+00:00,1026.0
2013-06-02 00:00:00+00:00,1025.9999999999998
2013-06-02 01:00:00+00:00,269.0
2013-06-02 02:00:00+00:00,255.0
2013-06-02 03:00:00+00:00,254.0
2013-06-02 04:00:00+00:00,268.0
2013-06-02 05:00:00+00:00,240.0
2013-06-02 06:00:00+00:00,283.00000000000006
2013-06-02 07:00:00+00:00,240.0
2013-06-02 08:00:00+00:00,537.9999999999999
2013-06-02 09:00:00+00:00,1297.0
2013-06-02 10:00:00+00:00,1833.0
2013-06-02 11:00:00+00:00,1189.0
2013-06-02 12:00:00+00:00,404.0
2013-06-02 13:00:00+00:00,562.0
2013-06-02 14:00:00+00:00,1664.0000000000002
2013-06-02 15:00:00+00:00,1501.0
2013-06-02 16:00:00+00:00,1644.0000000000002
2013-06-02 17:00:00+00:00,1622.0
2013-06-02 18:00:00+00:00,257.0
2013-06-02 19:00:00+00:00,2324.0000000000005
2013-06-02 20:00:00+00:00,2349.0
2013-06-02 21:00:00+00:00,2551.0
2013-06-02 22:00:00+00:00,2071.0
2013-06-02 23:00:00+00:00,1690.9999999999998
2013-06-03 00:00:00+00:00,1694.9999999999998
2013-06-03 01:00:00+00:00,307.0
2013-06-03 02:00:00+00:00,260.0
2013-06-03 03:00:00+00:00,238.00000000000003
2013-06-03 04:00:00+00:00,892.0
2013-06-03 05:00:00+00:00,256.0
2013-06-03 06:00:00+00:00,231.99999999999997
2013-06-03 07:00:00+00:00,244.0
2013-06-03 08:00:00+00:00,787.0
2013-06-03 09:00:00+00:00,1926.0
2013-06-03 10:00:00+00:00,1608.0
2013-06-03 11:00:00+00:00,1857.0000000000002
2013-06-03 12:00:00+00:00,2467.0
2013-06-03 13:00:00+00:00,1523.0000000000002
2013-06-03 14:00:00+00:00,1158.0
2013-06-03 15:00:00+00:00,273.0
2013-06-03 16:00:00+00:00,248.0
2013-06-03 17:00:00+00:00,239.0
2013-06-03 18:00:00+00:00,253.0
2013-06-03 19:00:00+00:00,3223.9999999999995
2013-06-03 20:00:00+00:00,2582.0
2013-06-03 21:00:00+00:00,1523.0
2013-06-03 22:00:00+00:00,2478.0
2013-06-03 23:00:00+00:00,2464.0
2013-06-04 00:00:00+00:00,1126.0
2013-06-04 01:00:00+00:00,255.0
2013-06-04 02:00:00+00:00,1462.0
2013-06-04 03:00:00+00:00,227.99999999999997
2013-06-04 04:00:00+00:00,1115.9999999999998
2013-06-04 05:00:00+00:00,253.0
2013-06-04 06:00:00+00:00,226.99999999999997
2013-06-04 07:00:00+00:00,276.0
2013-06-04 08:00:00+00:00,920.0
2013-06-04 09:00:00+00:00,3573.0
2013-06-04 10:00:00+00:00,2888.0
2013-06-04 11:00:00+00:00,2195.0000000000005
2013-06-04 12:00:00+00:00,1976.9999999999998
2013-06-04 13:00:00+00:00,547.0
2013-06-04 14:00:00+00:00,276.0
2013-06-04 15:00:00+00:00,255.0
2013-06-04 16:00:00+00:00,262.0
2013-06-04 17:00:00+00:00,397.99999999999994
2013-06-04 18:00:00+00:00,363.0
2013-06-04 19:00:00+00:00,1829.0
2013-06-04 20:00:00+00:00,1989.0
2013-06-04 21:00:00+00:00,1409.0
2013-06-04 22:00:00+00:00,1391.0
2013-06-04 23:00:00+00:00,2406.0
2013-06-05 00:00:00+00:00,609.0
2013-06-05 01:00:00+00:00,238.0
2013-06-05 02:00:00+00:00,241.00000000000003
2013-06-05 03:00:00+00:00,257.0
2013-06-05 04:00:00+00:00,216.0
2013-06-05 05:00:00+00:00,255.0
2013-06-05 06:00:00+00:00,251.0
2013-06-05 07:00:00+00:00,211.00000000000003
2013-06-05 08:00:00+00:00,1630.0000000000002
2013-06-05 09:00:00+00:00,2916.0000000000005
2013-06-05 10:00:00+00:00,1693.0
2013-06-05 11:00:00+00:00,1098.0
2013-06-05 12:00:00+00:00,3099.0
2013-06-05 13:00:00+00:00,1847.0
2013-06-05 14:00:00+00:00,1072.0
2013-06-05 15:00:00+00:00,320.99999999999994
2013-06-05 16:00:00+00:00,624.0
2013-06-05 17:00:00+00:00,1267.0
2013-06-05 18:00:00+00:00,301.00000000000006
2013-06-05 19:00:00+00:00,2547.0
2013-06-05 20:00:00+00:00,3692.9999999999995
2013-06-05 21:00:00+00:00,2351.0
2013-06-05 22:00:00+00:00,2370.0
2013-06-05 23:00:00+00:00,2043.0000000000002
2013-06-06 00:00:00+00:00,339.99999999999994
2013-06-06 01:00:00+00:00,237.0
2013-06-06 02:00:00+00:00,244.0
2013-06-06 03:00:00+00:00,241.0
2013-06-06 04:00:00+00:00,244.0
2013-06-06 05:00:00+00:00,975.0
2013-06-06 06:00:00+00:00,219.0
2013-06-06 07:00:00+00:00,248.0
2013-06-06 08:00:00+00:00,428.0
2013-06-06 09:00:00+00:00,2211.0
2013-06-06 10:00:00+00:00,2270.0
2013-06-06 11:00:00+00:00,2395.0
2013-06-06 12:00:00+00:00,903.0
2013-06-06 13:00:00+00:00,1533.0
2013-06-06 14:00:00+00:00,427.00000000000006
2013-06-06 15:00:00+00:00,943.0
2013-06-06 16:00:00+00:00,416.00000000000006
2013-06-06 17:00:00+00:00,831.0
2013-06-06 18:00:00+00:00,775.0
2013-06-06 19:00:00+00:00,3902.0
2013-06-06 20:00:00+00:00,2624.0
2013-06-06 21:00:00+00:00,1708.0000000000002
2013-06-06 22:00:00+00:00,1161.0
2013-06-06 23:00:00+00:00,1222.9999999999998
2013-06-07 00:00:00+00:00,367.0
2013-06-07 01:00:00+00:00,260.0
2013-06-07 02:00:00+00:00,274.0
2013-06-07 03:00:00+00:00,242.00000000000003
2013-06-07 04:00:00+00:00,1032.0
2013-06-07 05:00:00+00:00,307.0
2013-06-07 06:00:00+00:00,271.0
2013-06-07 07:00:00+00:00,262.0
2013-06-07 08:00:00+00:00,246.0
2013-06-07 09:00:00+00:00,723.0
2013-06-07 10:00:00+00:00,2053.0
2013-06-07 11:00:00+00:00,1263.0
2013-06-07 12:00:00+00:00,1525.0
2013-06-07 13:00:00+00:00,1579.9999999999998
2013-06-07 14:00:00+00:00,2705.0
2013-06-07 15:00:00+00:00,622.0
2013-06-07 16:00:00+00:00,798.0
2013-06-07 17:00:00+00:00,948.0000000000001
2013-06-07 18:00:00+00:00,575.0
2013-06-07 19:00:00+00:00,988.0
2013-06-07 20:00:00+00:00,1244.0
2013-06-07 21:00:00+00:00,923.9999999999999
2013-06-07 22:00:00+00:00,779.0
2013-06-07 23:00:00+00:00,1187.0
2013-06-08 00:00:00+00:00,263.0
2013-06-08 01:00:00+00:00,264.0
2013-06-08 02:00:00+00:00,271.0
2013-06-08 03:00:00+00:00,360.0
2013-06-08 04:00:00+00:00,305.0
2013-06-08 05:00:00+00:00,255.0
2013-06-08 06:00:00+00:00,250.0
2013-06-08 07:00:00+00:00,272.0
2013-06-08 08:00:00+00:00,252.0
2013-06-08 09:00:00+00:00,2068.0
2013-06-08 10:00:00+00:00,1092.0
2013-06-08 11:00:00+00:00,2363.0
2013-06-08 12:00:00+00:00,1631.0
2013-06-08 13:00:00+00:00,1250.0
2013-06-08 14:00:00+00:00,1306.0
2013-06-08 15:00:00+00:00,1436.0
2013-06-08 16:00:00+00:00,766.9999999999999
2013-06-08 17:00:00+00:00,1016.0
2013-06-08 18:00:00+00:00,558.0
2013-06-08 19:00:00+00:00,2280.0
2013-06-08 20:00:00+00:00,2785.0
2013-06-08 21:00:00+00:00,685.0
2013-06-08 22:00:00+00:00,480.0
2013-06-08 23:00:00+00:00,542.9999999999999
2013-06-09 00:00:00+00:00,1251.0
2013-06-09 01:00:00+00:00,189.0
2013-06-09 02:00:00+00:00,229.99999999999997
2013-06-09 03:00:00+00:00,214.0
2013-06-09 04:00:00+00:00,193.0
2013-06-09 05:00:00+00:00,226.0
2013-06-09 06:00:00+00:00,1081.0
2013-06-09 07:00:00+00:00,224.0
2013-06-09 08:00:00+00:00,213.00000000000003
2013-06-09 09:00:00+00:00,938.0
2013-06-09 10:00:00+00:00,2650.0
2013-06-09 11:00:00+00:00,2465.0
2013-06-09 12:00:00+00:00,2158.0
2013-06-09 13:00:00+00:00,416.00000000000006
2013-06-09 14:00:00+00:00,424.99999999999994
2013-06-09 15:00:00+00:00,491.99999999999994
2013-06-09 16:00:00+00:00,1319.9999999999998
2013-06-09 17:00:00+00:00,1182.0
2013-06-09 18:00:00+00:00,275.0
2013-06-09 19:00:00+00:00,1445.0
2013-06-09 20:00:00+00:00,2322.0
2013-06-09 21:00:00+00:00,2195.0000000000005
2013-06-09 22:00:00+00:00,556.0
2013-06-09 23:00:00+00:00,751.0000000000001
2013-06-10 00:00:00+00:00,315.0
2013-06-10 01:00:00+00:00,283.00000000000006
2013-06-10 02:00:00+00:00,279.0
2013-06-10 03:00:00+00:00,1038.0
2013-06-10 04:00:00+00:00,283.00000000000006
2013-06-10 05:00:00+00:00,256.0
2013-06-10 06:00:00+00:00,266.0
2013-06-10 07:00:00+00:00,282.0
2013-06-10 08:00:00+00:00,269.0
2013-06-10 09:00:00+00:00,3337.9999999999995
2013-06-10 10:00:00+00:00,1791.0
2013-06-10 11:00:00+00:00,3049.0000000000005
2013-06-10 12:00:00+00:00,1557.9999999999998
2013-06-10 13:00:00+00:00,425.0
2013-06-10 14:00:00+00:00,531.0
2013-06-10 15:00:00+00:00,1093.9999999999998
2013-06-10 16:00:00+00:00,782.0
2013-06-10 17:00:00+00:00,411.0
2013-06-10 18:00:00+00:00,406.0
2013-06-10 19:00:00+00:00,988.0
2013-06-10 20:00:00+00:00,2160.0
2013-06-10 21:00:00+00:00,2235.9999999999995
2013-06-10 22:00:00+00:00,1617.0
2013-06-10 23:00:00+00:00,1747.0
2013-06-11 00:00:00+00:00,387.0
2013-06-11 01:00:00+00:00,278.0
2013-06-11 02:00:00+00:00,294.00000000000006
2013-06-11 03:00:00+00:00,288.00000000000006
2013-06-11 04:00:00+00:00,282.0
2013-06-11 05:00:00+00:00,297.0
2013-06-11 06:00:00+00:00,281.0
2013-06-11 07:00:00+00:00,1176.9999999999998
2013-06-11 08:00:00+00:00,1372.0
2013-06-11 09:00:00+00:00,2663.0000000000005
2013-06-11 10:00:00+00:00,1264.0
2013-06-11 11:00:00+00:00,2383.0
2013-06-11 12:00:00+00:00,2149.0
2013-06-11 13:00:00+00:00,2154.0
2013-06-11 14:00:00+00:00,1160.0
2013-06-11 15:00:00+00:00,902.0000000000001
2013-06-11 16:00:00+00:00,540.0
2013-06-11 17:00:00+00:00,404.0
2013-06-11 18:00:00+00:00,268.0
2013-06-11 19:00:00+00:00,3694.0
2013-06-11 20:00:00+00:00,2993.0000000000005
2013-06-11 21:00:00+00:00,2633.0
2013-06-11 22:00:00+00:00,1501.0
2013-06-11 23:00:00+00:00,1593.0
2013-06-12 00:00:00+00:00,478.0
2013-06-12 01:00:00+00:00,1069.9999999999998
2013-06-12 02:00:00+00:00,211.0
2013-06-12 03:00:00+00:00,225.0
2013-06-12 04:00:00+00:00,204.00000000000003
2013-06-12 05:00:00+00:00,216.0
2013-06-12 06:00:00+00:00,219.0
2013-06-12 07:00:00+00:00,977.0
2013-06-12 08:00:00+00:00,271.99999999999994
2013-06-12 09:00:00+00:00,1007.0000000000001
2013-06-12 10:00:00+00:00,2267.0
2013-06-12 11:00:00+00:00,1903.0
2013-06-12 12:00:00+00:00,1696.0
2013-06-12 13:00:00+00:00,615.0000000000001
2013-06-12 14:00:00+00:00,274.99999999999994
2013-06-12 15:00:00+00:00,204.00000000000003
2013-06-12 16:00:00+00:00,766.0
2013-06-12 17:00:00+00:00,2363.0
2013-06-12 18:00:00+00:00,1012.0
2013-06-12 19:00:00+00:00,2453.9999999999995
2013-06-12 20:00:00+00:00,3589.0
2013-06-12 21:00:00+00:00,2388.0
2013-06-12 22:00:00+00:00,1261.0000000000002
2013-06-12 23:00:00+00:00,2458.0
2013-06-13 00:00:00+00:00,355.0
2013-06-13 01:00:00+00:00,910.0
2013-06-13 02:00:00+00:00,228.99999999999997
2013-06-13 03:00:00+00:00,247.0
2013-06-13 04:00:00+00:00,848.0
2013-06-13 05:00:00+00:00,219.0
2013-06-13 06:00:00+00:00,331.99999999999994
2013-06-13 07:00:00+00:00,239.0
2013-06-13 08:00:00+00:00,1337.9999999999998
2013-06-13 09:00:00+00:00,1593.0
2013-06-13 10:00:00+00:00,1730.0
2013-06-13 11:00:00+00:00,2917.0
2013-06-13 12:00:00+00:00,1220.9999999999998
2013-06-13 13:00:00+00:00,399.0
2013-06-13 14:00:00+00:00,271.0
2013-06-13 15:00:00+00:00,250.0
2013-06-13 16:00:00+00:00,270.0
2013-06-13 17:00:00+00:00,290.00000000000006
2013-06-13 18:00:00+00:00,307.0
2013-06-13 19:00:00+00:00,980.0000000000001
2013-06-13 20:00:00+00:00,2067.0
2013-06-13 21:00:00+00:00,1556.0
2013-06-13 22:00:00+00:00,2557.0000000000005
2013-06-13 23:00:00+00:00,1397.0
2013-06-14 00:00:00+00:00,538.0
2013-06-14 01:00:00+00:00,224.0
2013-06-14 02:00:00+00:00,223.99999999999997
2013-06-14 03:00:00+00:00,204.00000000000003
2013-06-14 04:00:00+00:00,233.0
2013-06-14 05:00:00+00:00,208.00000000000003
2013-06-14 06:00:00+00:00,205.00000000000003
2013-06-14 07:00:00+00:00,229.99999999999997
2013-06-14 08:00:00+00:00,206.00000000000003
2013-06-14 09:00:00+00:00,1147.0
2013-06-14 10:00:00+00:00,2209.0
2013-06-14 11:00:00+00:00,2585.0
2013-06-14 12:00:00+00:00,1057.0
2013-06-14 13:00:00+00:00,443.00000000000006
2013-06-14 14:00:00+00:00,335.0
2013-06-14 15:00:00+00:00,511.0
2013-06-14 16:00:00+00:00,326.0
2013-06-14 17:00:00+00:00,430.99999999999994
2013-06-14 18:00:00+00:00,829.0000000000001
2013-06-14 19:00:00+00:00,2106.0
2013-06-14 20:00:00+00:00,3269.0
2013-06-14 21:00:00+00:00,1606.0
2013-06-14 22:00:00+00:00,1543.0
2013-06-14 23:00:00+00:00,942.0
2013-06-15 00:00:00+00:00,359.0
2013-06-15 01:00:00+00:00,227.99999999999997
2013-06-15 02:00:00+00:00,217.00000000000003
2013-06-15 03:00:00+00:00,215.00000000000003
2013-06-15 04:00:00+00:00,211.0
2013-06-15 05:00:00+00:00,199.0
2013-06-15 06:00:00+00:00,1149.0
2013-06-15 07:00:00+00:00,203.0
2013-06-15 08:00:00+00:00,205.00000000000003
2013-06-15 09:00:00+00:00,232.0
2013-06-15 10:00:00+00:00,1363.0
2013-06-15 11:00:00+00:00,1160.0
2013-06-15 12:00:00+00:00,2009.9999999999998
2013-06-15 13:00:00+00:00,381.0
2013-06-15 14:00:00+00:00,229.99999999999997
2013-06-15 15:00:00+00:00,208.0
2013-06-15 16:00:00+00:00,265.0
2013-06-15 17:00:00+00:00,273.0
2013-06-15 18:00:00+00:00,215.0
2013-06-15 19:00:00+00:00,228.99999999999997
2013-06-15 20:00:00+00:00,222.0
2013-06-15 21:00:00+00:00,631.0
2013-06-15 22:00:00+00:00,1864.0
2013-06-15 23:00:00+00:00,297.0
2013-06-16 00:00:00+00:00,262.0
2013-06-16 01:00:00+00:00,226.99999999999997
2013-06-16 02:00:00+00:00,1278.0
2013-06-16 03:00:00+00:00,240.0
2013-06-16 04:00:00+00:00,226.0
2013-06-16 05:00:00+00:00,223.00000000000003
2013-06-16 06:00:00+00:00,206.00000000000003
2013-06-16 07:00:00+00:00,203.0
2013-06-16 08:00:00+00:00,223.00000000000003
2013-06-16 09:00:00+00:00,199.0
2013-06-16 10:00:00+00:00,1526.0
2013-06-16 11:00:00+00:00,1416.0
2013-06-16 12:00:00+00:00,1903.0
2013-06-16 13:00:00+00:00,659.0
2013-06-16 14:00:00+00:00,439.0
2013-06-16 15:00:00+00:00,1095.0
2013-06-16 16:00:00+00:00,321.0
2013-06-16 17:00:00+00:00,247.0
2013-06-16 18:00:00+00:00,230.0
2013-06-16 19:00:00+00:00,1973.9999999999998
2013-06-16 20:00:00+00:00,2118.0000000000005
2013-06-16 21:00:00+00:00,1772.0
2013-06-16 22:00:00+00:00,2062.9999999999995
2013-06-16 23:00:00+00:00,1890.0
2013-06-17 00:00:00+00:00,1139.0
2013-06-17 01:00:00+00:00,219.0
2013-06-17 02:00:00+00:00,987.0
2013-06-17 03:00:00+00:00,231.99999999999997
2013-06-17 04:00:00+00:00,208.00000000000003
2013-06-17 05:00:00+00:00,215.0
2013-06-17 06:00:00+00:00,210.0
2013-06-17 07:00:00+00:00,214.0
2013-06-17 08:00:00+00:00,193.0
2013-06-17 09:00:00+00:00,990.0
2013-06-17 10:00:00+00:00,578.0000000000001
2013-06-17 11:00:00+00:00,1509.0
2013-06-17 12:00:00+00:00,988.9999999999999
2013-06-17 13:00:00+00:00,866.0
2013-06-17 14:00:00+00:00,382.0
2013-06-17 15:00:00+00:00,883.0000000000001
2013-06-17 16:00:00+00:00,303.0
2013-06-17 17:00:00+00:00,312.0
2013-06-17 18:00:00+00:00,253.0
2013-06-17 19:00:00+00:00,1955.0
2013-06-17 20:00:00+00:00,2586.9999999999995
2013-06-17 21:00:00+00:00,2405.0
2013-06-17 22:00:00+00:00,1684.0000000000002
2013-06-17 23:00:00+00:00,1277.0000000000002
2013-06-18 00:00:00+00:00,891.0
2013-06-18 01:00:00+00:00,203.0
2013-06-18 02:00:00+00:00,234.0
2013-06-18 03:00:00+00:00,1251.0
2013-06-18 04:00:00+00:00,231.99999999999997
2013-06-18 05:00:00+00:00,1088.0
2013-06-18 06:00:00+00:00,233.0
2013-06-18 07:00:00+00:00,1126.0
2013-06-18 08:00:00+00:00,242.0
2013-06-18 09:00:00+00:00,1000.0
2013-06-18 10:00:00+00:00,658.0
2013-06-18 11:00:00+00:00,1949.0000000000002
2013-06-18 12:00:00+00:00,878.0
2013-06-18 13:00:00+00:00,651.9999999999999
2013-06-18 14:00:00+00:00,866.0
2013-06-18 15:00:00+00:00,703.0000000000001
2013-06-18 16:00:00+00:00,635.0
2013-06-18 17:00:00+00:00,448.0
2013-06-18 18:00:00+00:00,1290.0
2013-06-18 19:00:00+00:00,700.0
2013-06-18 20:00:00+00:00,2740.9999999999995
2013-06-18 21:00:00+00:00,1813.0000000000002
2013-06-18 22:00:00+00:00,1396.0
2013-06-18 23:00:00+00:00,2474.0
2013-06-19 00:00:00+00:00,411.00000000000006
2013-06-19 01:00:00+00:00,209.00000000000003
2013-06-19 02:00:00+00:00,271.0
2013-06-19 03:00:00+00:00,210.0
2013-06-19 04:00:00+00:00,220.0
2013-06-19 05:00:00+00:00,1030.0
2013-06-19 06:00:00+00:00,201.0
2013-06-19 07:00:00+00:00,322.0
2013-06-19 08:00:00+00:00,225.0
2013-06-19 09:00:00+00:00,1724.0000000000002
2013-06-19 10:00:00+00:00,1904.0
2013-06-19 11:00:00+00:00,2517.0000000000005
2013-06-19 12:00:00+00:00,2518.0000000000005
2013-06-19 13:00:00+00:00,2284.0
2013-06-19 14:00:00+00:00,2235.0
2013-06-19 15:00:00+00:00,893.0
2013-06-19 16:00:00+00:00,828.0000000000001
2013-06-19 17:00:00+00:00,2213.0
2013-06-19 18:00:00+00:00,1254.0
2013-06-19 19:00:00+00:00,1560.0
2013-06-19 20:00:00+00:00,2408.0000000000005
2013-06-19 21:00:00+00:00,1447.0
2013-06-19 22:00:00+00:00,2094.0
2013-06-19 23:00:00+00:00,2113.0
2013-06-20 00:00:00+00:00,597.0
2013-06-20 01:00:00+00:00,631.0
2013-06-20 02:00:00+00:00,285.00000000000006
2013-06-20 03:00:00+00:00,227.0
2013-06-20 04:00:00+00:00,254.0
2013-06-20 05:00:00+00:00,890.0
2013-06-20 06:00:00+00:00,211.0
2013-06-20 07:00:00+00:00,217.99999999999997
2013-06-20 08:00:00+00:00,248.0
2013-06-20 09:00:00+00:00,4126.0
2013-06-20 10:00:00+00:00,2391.0
2013-06-20 11:00:00+00:00,2701.0
2013-06-20 12:00:00+00:00,2121.0000000000005
2013-06-20 13:00:00+00:00,4305.999999999999
2013-06-20 14:00:00+00:00,2691.0
2013-06-20 15:00:00+00:00,913.0
2013-06-20 16:00:00+00:00,751.0
2013-06-20 17:00:00+00:00,1476.0
2013-06-20 18:00:00+00:00,605.0
2013-06-20 19:00:00+00:00,1278.0
2013-06-20 20:00:00+00:00,2213.0
2013-06-20 21:00:00+00:00,2397.9999999999995
2013-06-20 22:00:00+00:00,2714.0000000000005
2013-06-20 23:00:00+00:00,1739.0
2013-06-21 00:00:00+00:00,669.0
2013-06-21 01:00:00+00:00,443.99999999999994
2013-06-21 02:00:00+00:00,234.0
2013-06-21 03:00:00+00:00,254.0
2013-06-21 04:00:00+00:00,209.00000000000003
2013-06-21 05:00:00+00:00,218.00000000000003
2013-06-21 06:00:00+00:00,237.00000000000003
2013-06-21 07:00:00+00:00,233.0
2013-06-21 08:00:00+00:00,952.0000000000001
2013-06-21 09:00:00+00:00,3726.0
2013-06-21 10:00:00+00:00,4323.0
2013-06-21 11:00:00+00:00,3280.9999999999995
2013-06-21 12:00:00+00:00,2421.0
2013-06-21 13:00:00+00:00,2481.0
2013-06-21 14:00:00+00:00,1028.0
2013-06-21 15:00:00+00:00,1260.0
2013-06-21 16:00:00+00:00,1331.0
2013-06-21 17:00:00+00:00,1208.9999999999998
2013-06-21 18:00:00+00:00,395.0
2013-06-21 19:00:00+00:00,1884.0
2013-06-21 20:00:00+00:00,2980.0000000000005
2013-06-21 21:00:00+00:00,2428.0
2013-06-21 22:00:00+00:00,2448.0
2013-06-21 23:00:00+00:00,3518.0
2013-06-22 00:00:00+00:00,661.0
2013-06-22 01:00:00+00:00,622.0
2013-06-22 02:00:00+00:00,805.0
2013-06-22 03:00:00+00:00,283.00000000000006
2013-06-22 04:00:00+00:00,1097.9999999999998
2013-06-22 05:00:00+00:00,771.0
2013-06-22 06:00:00+00:00,530.9999999999999
2013-06-22 07:00:00+00:00,1055.0000000000002
2013-06-22 08:00:00+00:00,229.99999999999997
2013-06-22 09:00:00+00:00,2487.0
2013-06-22 10:00:00+00:00,3401.0
2013-06-22 11:00:00+00:00,2982.9999999999995
2013-06-22 12:00:00+00:00,1847.0
2013-06-22 13:00:00+00:00,345.0
2013-06-22 14:00:00+00:00,253.0
2013-06-22 15:00:00+00:00,445.0
2013-06-22 16:00:00+00:00,990.0000000000001
2013-06-22 17:00:00+00:00,260.0
2013-06-22 18:00:00+00:00,1226.0
2013-06-22 19:00:00+00:00,2593.0
2013-06-22 20:00:00+00:00,2203.0
2013-06-22 21:00:00+00:00,1550.0
2013-06-22 22:00:00+00:00,1694.9999999999998
2013-06-22 23:00:00+00:00,1220.0
2013-06-23 00:00:00+00:00,898.0
2013-06-23 01:00:00+00:00,221.99999999999997
2013-06-23 02:00:00+00:00,192.0
2013-06-23 03:00:00+00:00,227.00000000000003
2013-06-23 04:00:00+00:00,222.00000000000003
2013-06-23 05:00:00+00:00,237.0
2013-06-23 06:00:00+00:00,216.00000000000003
2013-06-23 07:00:00+00:00,193.0
2013-06-23 08:00:00+00:00,1029.0
2013-06-23 09:00:00+00:00,1531.0
2013-06-23 10:00:00+00:00,3933.0
2013-06-23 11:00:00+00:00,2137.0
2013-06-23 12:00:00+00:00,1490.0
2013-06-23 13:00:00+00:00,816.0000000000001
2013-06-23 14:00:00+00:00,235.00000000000003
2013-06-23 15:00:00+00:00,208.99999999999997
2013-06-23 16:00:00+00:00,584.0
2013-06-23 17:00:00+00:00,1142.0
2013-06-23 18:00:00+00:00,2283.0
2013-06-23 19:00:00+00:00,4215.0
2013-06-23 20:00:00+00:00,3039.0
2013-06-23 21:00:00+00:00,2833.9999999999995
2013-06-23 22:00:00+00:00,1529.0
2013-06-23 23:00:00+00:00,1310.0
2013-06-24 00:00:00+00:00,1462.0
2013-06-24 01:00:00+00:00,203.0
2013-06-24 02:00:00+00:00,224.0
2013-06-24 03:00:00+00:00,202.0
2013-06-24 04:00:00+00:00,214.0
2013-06-24 05:00:00+00:00,237.00000000000003
2013-06-24 06:00:00+00:00,202.0
2013-06-24 07:00:00+00:00,260.0
2013-06-24 08:00:00+00:00,284.00000000000006
2013-06-24 09:00:00+00:00,2151.0
2013-06-24 10:00:00+00:00,1418.0
2013-06-24 11:00:00+00:00,2565.0
2013-06-24 12:00:00+00:00,1410.0000000000002
2013-06-24 13:00:00+00:00,225.0
2013-06-24 14:00:00+00:00,451.99999999999994
2013-06-24 15:00:00+00:00,326.0
2013-06-24 16:00:00+00:00,500.0
2013-06-24 17:00:00+00:00,672.9999999999999
2013-06-24 18:00:00+00:00,422.00000000000006
2013-06-24 19:00:00+00:00,4259.0
2013-06-24 20:00:00+00:00,3082.0
2013-06-24 21:00:00+00:00,2203.0000000000005
2013-06-24 22:00:00+00:00,2950.0
2013-06-24 23:00:00+00:00,2511.9999999999995
2013-06-25 00:00:00+00:00,383.0
2013-06-25 01:00:00+00:00,219.00000000000003
2013-06-25 02:00:00+00:00,246.0
2013-06-25 03:00:00+00:00,229.99999999999997
2013-06-25 04:00:00+00:00,231.0
2013-06-25 05:00:00+00:00,239.0
2013-06-25 06:00:00+00:00,222.00000000000003
2013-06-25 07:00:00+00:00,1489.0
2013-06-25 08:00:00+00:00,642.0
2013-06-25 09:00:00+00:00,4540.999999999999
2013-06-25 10:00:00+00:00,1443.0
2013-06-25 11:00:00+00:00,2012.0
2013-06-25 12:00:00+00:00,817.0
2013-06-25 13:00:00+00:00,1755.0
2013-06-25 14:00:00+00:00,3413.0000000000005
2013-06-25 15:00:00+00:00,1020.9999999999999
2013-06-25 16:00:00+00:00,357.0
2013-06-25 17:00:00+00:00,996.0
2013-06-25 18:00:00+00:00,241.0
2013-06-25 19:00:00+00:00,3672.9999999999995
2013-06-25 20:00:00+00:00,2671.9999999999995
2013-06-25 21:00:00+00:00,2383.0
2013-06-25 22:00:00+00:00,1801.0000000000002
2013-06-25 23:00:00+00:00,2900.0000000000005
2013-06-26 00:00:00+00:00,984.0
2013-06-26 01:00:00+00:00,212.0
2013-06-26 02:00:00+00:00,205.00000000000003
2013-06-26 03:00:00+00:00,209.00000000000003
2013-06-26 04:00:00+00:00,222.00000000000003
2013-06-26 05:00:00+00:00,204.00000000000003
2013-06-26 06:00:00+00:00,193.0
2013-06-26 07:00:00+00:00,1022.0
2013-06-26 08:00:00+00:00,216.0
2013-06-26 09:00:00+00:00,2207.0
2013-06-26 10:00:00+00:00,4085.0
2013-06-26 11:00:00+00:00,2840.0
2013-06-26 12:00:00+00:00,1564.0
2013-06-26 13:00:00+00:00,667.0
2013-06-26 14:00:00+00:00,1501.9999999999998
2013-06-26 15:00:00+00:00,921.9999999999999
2013-06-26 16:00:00+00:00,809.0
2013-06-26 17:00:00+00:00,1500.0
2013-06-26 18:00:00+00:00,724.0
2013-06-26 19:00:00+00:00,2644.0
2013-06-26 20:00:00+00:00,2262.0
2013-06-26 21:00:00+00:00,1938.9999999999998
2013-06-26 22:00:00+00:00,1617.9999999999998
2013-06-26 23:00:00+00:00,852.0
2013-06-27 00:00:00+00:00,246.0
2013-06-27 01:00:00+00:00,886.9999999999999
2013-06-27 02:00:00+00:00,216.0
2013-06-27 03:00:00+00:00,209.00000000000003
2013-06-27 04:00:00+00:00,224.0
2013-06-27 05:00:00+00:00,195.0
2013-06-27 06:00:00+00:00,204.00000000000003
2013-06-27 07:00:00+00:00,221.0
2013-06-27 08:00:00+00:00,1063.0
2013-06-27 09:00:00+00:00,1611.0
2013-06-27 10:00:00+00:00,1386.0
2013-06-27 11:00:00+00:00,1995.0
2013-06-27 12:00:00+00:00,558.0
2013-06-27 13:00:00+00:00,876.0000000000001
2013-06-27 14:00:00+00:00,2109.0
2013-06-27 15:00:00+00:00,271.0
2013-06-27 16:00:00+00:00,1128.0
2013-06-27 17:00:00+00:00,1522.0
2013-06-27 18:00:00+00:00,338.99999999999994
2013-06-27 19:00:00+00:00,3489.0
2013-06-27 20:00:00+00:00,3187.0000000000005
2013-06-27 21:00:00+00:00,2533.0
2013-06-27 22:00:00+00:00,1737.0
2013-06-27 23:00:00+00:00,1773.0000000000002
2013-06-28 00:00:00+00:00,1414.9999999999998
2013-06-28 01:00:00+00:00,271.0
2013-06-28 02:00:00+00:00,291.00000000000006
2013-06-28 03:00:00+00:00,850.0
2013-06-28 04:00:00+00:00,273.0
2013-06-28 05:00:00+00:00,285.00000000000006
2013-06-28 06:00:00+00:00,265.0
2013-06-28 07:00:00+00:00,348.0
2013-06-28 08:00:00+00:00,897.0
2013-06-28 09:00:00+00:00,1154.0
2013-06-28 10:00:00+00:00,3094.9999999999995
2013-06-28 11:00:00+00:00,1995.0
2013-06-28 12:00:00+00:00,1973.9999999999998
2013-06-28 13:00:00+00:00,1609.9999999999998
2013-06-28 14:00:00+00:00,2024.0
2013-06-28 15:00:00+00:00,1710.0
2013-06-28 16:00:00+00:00,1670.0
2013-06-28 17:00:00+00:00,863.0
2013-06-28 18:00:00+00:00,1160.0
2013-06-28 19:00:00+00:00,2851.0
2013-06-28 20:00:00+00:00,2121.0
2013-06-28 21:00:00+00:00,2657.0
2013-06-28 22:00:00+00:00,1839.0
2013-06-28 23:00:00+00:00,1849.0
2013-06-29 00:00:00+00:00,581.0
2013-06-29 01:00:00+00:00,940.0
2013-06-29 02:00:00+00:00,253.0
2013-06-29 03:00:00+00:00,262.0
2013-06-29 04:00:00+00:00,252.0
2013-06-29 05:00:00+00:00,247.0
2013-06-29 06:00:00+00:00,292.0
2013-06-29 07:00:00+00:00,478.0
2013-06-29 08:00:00+00:00,809.9999999999999
2013-06-29 09:00:00+00:00,1769.0000000000002
2013-06-29 10:00:00+00:00,1381.0000000000002
2013-06-29 11:00:00+00:00,1694.9999999999998
2013-06-29 12:00:00+00:00,2659.0
2013-06-29 13:00:00+00:00,572.0000000000001
2013-06-29 14:00:00+00:00,1868.9999999999998
2013-06-29 15:00:00+00:00,3835.0
2013-06-29 16:00:00+00:00,2411.0
2013-06-29 17:00:00+00:00,3078.9999999999995
2013-06-29 18:00:00+00:00,356.0
2013-06-29 19:00:00+00:00,977.0000000000001
2013-06-29 20:00:00+00:00,3915.0
2013-06-29 21:00:00+00:00,1787.0
2013-06-29 22:00:00+00:00,1464.0
2013-06-29 23:00:00+00:00,713.0
2013-06-30 00:00:00+00:00,1658.0
2013-06-30 01:00:00+00:00,331.0
2013-06-30 02:00:00+00:00,342.0
2013-06-30 03:00:00+00:00,349.0
2013-06-30 04:00:00+00:00,877.0
2013-06-30 05:00:00+00:00,343.0
2013-06-30 06:00:00+00:00,379.0
2013-06-30 07:00:00+00:00,352.00000000000006
2013-06-30 08:00:00+00:00,1203.0
2013-06-30 09:00:00+00:00,1648.0
2013-06-30 10:00:00+00:00,2141.0
2013-06-30 11:00:00+00:00,1947.9999999999998
2013-06-30 12:00:00+00:00,1439.0
2013-06-30 13:00:00+00:00,2033.0
2013-06-30 14:00:00+00:00,1851.0
2013-06-30 15:00:00+00:00,1484.9999999999998
2013-06-30 16:00:00+00:00,1363.0
2013-06-30 17:00:00+00:00,829.0
2013-06-30 18:00:00+00:00,970.0
2013-06-30 19:00:00+00:00,2155.9999999999995
2013-06-30 20:00:00+00:00,2562.9999999999995
2013-06-30 21:00:00+00:00,1962.9999999999998
2013-06-30 22:00:00+00:00,2078.0
2013-06-30 23:00:00+00:00,3167.9999999999995
2013-07-01 00:00:00+00:00,726.0
2013-07-01 01:00:00+00:00,319.0
2013-07-01 02:00:00+00:00,317.99999999999994
2013-07-01 03:00:00+00:00,325.99999999999994
2013-07-01 04:00:00+00:00,927.0
2013-07-01 05:00:00+00:00,299.0
2013-07-01 06:00:00+00:00,324.0
2013-07-01 07:00:00+00:00,327.99999999999994
2013-07-01 08:00:00+00:00,340.0
2013-07-01 09:00:00+00:00,2839.0000000000005
2013-07-01 10:00:00+00:00,1351.0
2013-07-01 11:00:00+00:00,2138.0
2013-07-01 12:00:00+00:00,1209.0
2013-07-01 13:00:00+00:00,2531.0
2013-07-01 14:00:00+00:00,1592.0
2013-07-01 15:00:00+00:00,1674.9999999999998
2013-07-01 16:00:00+00:00,456.99999999999994
2013-07-01 17:00:00+00:00,600.0000000000001
2013-07-01 18:00:00+00:00,1371.0
2013-07-01 19:00:00+00:00,1162.9999999999998
2013-07-01 20:00:00+00:00,2572.0
2013-07-01 21:00:00+00:00,2021.0
2013-07-01 22:00:00+00:00,1422.0000000000002
2013-07-01 23:00:00+00:00,1846.0
2013-07-02 00:00:00+00:00,416.00000000000006
2013-07-02 01:00:00+00:00,266.0
2013-07-02 02:00:00+00:00,283.0
2013-07-02 03:00:00+00:00,585.0000000000001
2013-07-02 04:00:00+00:00,694.0
2013-07-02 05:00:00+00:00,274.0
2013-07-02 06:00:00+00:00,276.0
2013-07-02 07:00:00+00:00,256.0
2013-07-02 08:00:00+00:00,393.0
2013-07-02 09:00:00+00:00,1914.0000000000002
2013-07-02 10:00:00+00:00,1105.9999999999998
2013-07-02 11:00:00+00:00,2687.9999999999995
2013-07-02 12:00:00+00:00,1525.9999999999998
2013-07-02 13:00:00+00:00,851.0
2013-07-02 14:00:00+00:00,621.0
2013-07-02 15:00:00+00:00,273.0
2013-07-02 16:00:00+00:00,256.0
2013-07-02 17:00:00+00:00,392.0
2013-07-02 18:00:00+00:00,418.00000000000006
2013-07-02 19:00:00+00:00,2024.0
2013-07-02 20:00:00+00:00,1927.0
2013-07-02 21:00:00+00:00,1684.0000000000002
2013-07-02 22:00:00+00:00,2049.0
2013-07-02 23:00:00+00:00,1460.0
2013-07-03 00:00:00+00:00,329.99999999999994
2013-07-03 01:00:00+00:00,1372.0
2013-07-03 02:00:00+00:00,276.0
2013-07-03 03:00:00+00:00,250.0
2013-07-03 04:00:00+00:00,1122.0
2013-07-03 05:00:00+00:00,312.0
2013-07-03 06:00:00+00:00,1105.0
2013-07-03 07:00:00+00:00,283.00000000000006
2013-07-03 08:00:00+00:00,1057.9999999999998
2013-07-03 09:00:00+00:00,1278.0
2013-07-03 10:00:00+00:00,2215.0000000000005
2013-07-03 11:00:00+00:00,2397.0
2013-07-03 12:00:00+00:00,1867.0
2013-07-03 13:00:00+00:00,1222.0
2013-07-03 14:00:00+00:00,542.0
2013-07-03 15:00:00+00:00,548.9999999999999
2013-07-03 16:00:00+00:00,791.0
2013-07-03 17:00:00+00:00,479.00000000000006
2013-07-03 18:00:00+00:00,358.0
2013-07-03 19:00:00+00:00,1562.9999999999998
2013-07-03 20:00:00+00:00,2280.0000000000005
2013-07-03 21:00:00+00:00,1704.0000000000002
2013-07-03 22:00:00+00:00,1707.0
2013-07-03 23:00:00+00:00,1928.0
2013-07-04 00:00:00+00:00,877.0
2013-07-04 01:00:00+00:00,274.0
2013-07-04 02:00:00+00:00,288.00000000000006
2013-07-04 03:00:00+00:00,311.0
2013-07-04 04:00:00+00:00,340.99999999999994
2013-07-04 05:00:00+00:00,317.0
2013-07-04 06:00:00+00:00,316.0
2013-07-04 07:00:00+00:00,331.99999999999994
2013-07-04 08:00:00+00:00,461.99999999999994
2013-07-04 09:00:00+00:00,446.0
2013-07-04 10:00:00+00:00,752.0
2013-07-04 11:00:00+00:00,510.0
2013-07-04 12:00:00+00:00,361.0
2013-07-04 13:00:00+00:00,416.00000000000006
2013-07-04 14:00:00+00:00,1260.0
2013-07-04 15:00:00+00:00,739.0000000000001
2013-07-04 16:00:00+00:00,348.0
2013-07-04 17:00:00+00:00,371.0
2013-07-04 18:00:00+00:00,722.0
2013-07-04 19:00:00+00:00,4149.0
2013-07-04 20:00:00+00:00,4477.0
2013-07-04 21:00:00+00:00,1385.0
2013-07-04 22:00:00+00:00,1340.9999999999998
2013-07-04 23:00:00+00:00,1327.0
2013-07-05 00:00:00+00:00,1226.9999999999998
2013-07-05 01:00:00+00:00,1198.0
2013-07-05 02:00:00+00:00,966.0000000000001
2013-07-05 03:00:00+00:00,1204.0
2013-07-05 04:00:00+00:00,1140.0
2013-07-05 05:00:00+00:00,1261.0000000000002
2013-07-05 06:00:00+00:00,1280.0
2013-07-05 07:00:00+00:00,1237.0
2013-07-05 08:00:00+00:00,1120.0
2013-07-05 09:00:00+00:00,596.0
2013-07-05 10:00:00+00:00,611.0
2013-07-05 11:00:00+00:00,760.0
2013-07-05 12:00:00+00:00,775.0000000000001
2013-07-05 13:00:00+00:00,649.9999999999999
2013-07-05 14:00:00+00:00,522.0
2013-07-05 15:00:00+00:00,1018.0000000000002
2013-07-05 16:00:00+00:00,711.0000000000001
2013-07-05 17:00:00+00:00,404.0
2013-07-05 18:00:00+00:00,349.00000000000006
2013-07-05 19:00:00+00:00,1139.0
2013-07-05 20:00:00+00:00,1216.0
2013-07-05 21:00:00+00:00,1360.9999999999998
2013-07-05 22:00:00+00:00,1591.0000000000002
2013-07-05 23:00:00+00:00,1412.0
2013-07-06 00:00:00+00:00,291.00000000000006
2013-07-06 01:00:00+00:00,277.0
2013-07-06 02:00:00+00:00,309.0
2013-07-06 03:00:00+00:00,286.00000000000006
2013-07-06 04:00:00+00:00,299.0
2013-07-06 05:00:00+00:00,321.0
2013-07-06 06:00:00+00:00,306.00000000000006
2013-07-06 07:00:00+00:00,277.0
2013-07-06 08:00:00+00:00,1138.0000000000002
2013-07-06 09:00:00+00:00,4028.0000000000005
2013-07-06 10:00:00+00:00,2985.9999999999995
2013-07-06 11:00:00+00:00,374.0
2013-07-06 12:00:00+00:00,457.99999999999994
2013-07-06 13:00:00+00:00,286.0
2013-07-06 14:00:00+00:00,603.0
2013-07-06 15:00:00+00:00,458.99999999999994
2013-07-06 16:00:00+00:00,420.00000000000006
2013-07-06 17:00:00+00:00,421.99999999999994
2013-07-06 18:00:00+00:00,2598.0
2013-07-06 19:00:00+00:00,3730.0000000000005
2013-07-06 20:00:00+00:00,2497.0
2013-07-06 21:00:00+00:00,3891.9999999999995
2013-07-06 22:00:00+00:00,4268.0
2013-07-06 23:00:00+00:00,2974.0
2013-07-07 00:00:00+00:00,1523.0
2013-07-07 01:00:00+00:00,1353.0
2013-07-07 02:00:00+00:00,1112.0
2013-07-07 03:00:00+00:00,325.0
2013-07-07 04:00:00+00:00,266.0
2013-07-07 05:00:00+00:00,263.0
2013-07-07 06:00:00+00:00,259.0
2013-07-07 07:00:00+00:00,566.0000000000001
2013-07-07 08:00:00+00:00,1803.0000000000002
2013-07-07 09:00:00+00:00,2394.0
2013-07-07 10:00:00+00:00,3885.0
2013-07-07 11:00:00+00:00,4661.999999999999
2013-07-07 12:00:00+00:00,1202.0000000000002
2013-07-07 13:00:00+00:00,284.00000000000006
2013-07-07 14:00:00+00:00,267.0
2013-07-07 15:00:00+00:00,282.0
2013-07-07 16:00:00+00:00,263.0
2013-07-07 17:00:00+00:00,262.0
2013-07-07 18:00:00+00:00,428.00000000000006
2013-07-07 19:00:00+00:00,1026.0
2013-07-07 20:00:00+00:00,2583.0
2013-07-07 21:00:00+00:00,2216.0
2013-07-07 22:00:00+00:00,3099.0
2013-07-07 23:00:00+00:00,1802.0
2013-07-08 00:00:00+00:00,1403.0
2013-07-08 01:00:00+00:00,815.0000000000001
2013-07-08 02:00:00+00:00,615.0
2013-07-08 03:00:00+00:00,1099.0000000000002
2013-07-08 04:00:00+00:00,433.00000000000006
2013-07-08 05:00:00+00:00,988.0000000000001
2013-07-08 06:00:00+00:00,1065.0
2013-07-08 07:00:00+00:00,324.0
2013-07-08 08:00:00+00:00,1037.0
2013-07-08 09:00:00+00:00,1970.0000000000002
2013-07-08 10:00:00+00:00,2530.9999999999995
2013-07-08 11:00:00+00:00,3598.0
2013-07-08 12:00:00+00:00,2330.9999999999995
2013-07-08 13:00:00+00:00,1505.0
2013-07-08 14:00:00+00:00,641.0
2013-07-08 15:00:00+00:00,507.0
2013-07-08 16:00:00+00:00,335.0
2013-07-08 17:00:00+00:00,836.0000000000001
2013-07-08 18:00:00+00:00,316.0
2013-07-08 19:00:00+00:00,3528.0
2013-07-08 20:00:00+00:00,2130.0
2013-07-08 21:00:00+00:00,2425.0
2013-07-08 22:00:00+00:00,3330.0
2013-07-08 23:00:00+00:00,2204.0
2013-07-09 00:00:00+00:00,2009.9999999999998
2013-07-09 01:00:00+00:00,265.0
2013-07-09 02:00:00+00:00,993.0
2013-07-09 03:00:00+00:00,260.0
2013-07-09 04:00:00+00:00,329.0
2013-07-09 05:00:00+00:00,324.0
2013-07-09 06:00:00+00:00,311.99999999999994
2013-07-09 07:00:00+00:00,316.00000000000006
2013-07-09 08:00:00+00:00,674.0000000000001
2013-07-09 09:00:00+00:00,3515.0
2013-07-09 10:00:00+00:00,884.0000000000001
2013-07-09 11:00:00+00:00,1984.9999999999998
2013-07-09 12:00:00+00:00,2251.0000000000005
2013-07-09 13:00:00+00:00,2999.0
2013-07-09 14:00:00+00:00,3081.0
2013-07-09 15:00:00+00:00,974.0
2013-07-09 16:00:00+00:00,930.0
2013-07-09 17:00:00+00:00,291.00000000000006
2013-07-09 18:00:00+00:00,255.0
2013-07-09 19:00:00+00:00,1698.0
2013-07-09 20:00:00+00:00,4141.0
2013-07-09 21:00:00+00:00,2180.0
2013-07-09 22:00:00+00:00,1356.9999999999998
2013-07-09 23:00:00+00:00,2219.0
2013-07-10 00:00:00+00:00,263.0
2013-07-10 01:00:00+00:00,216.0
2013-07-10 02:00:00+00:00,195.0
2013-07-10 03:00:00+00:00,841.0
2013-07-10 04:00:00+00:00,227.00000000000003
2013-07-10 05:00:00+00:00,197.99999999999997
2013-07-10 06:00:00+00:00,193.0
2013-07-10 07:00:00+00:00,211.00000000000003
2013-07-10 08:00:00+00:00,909.0
2013-07-10 09:00:00+00:00,1260.0
2013-07-10 10:00:00+00:00,1765.0000000000002
2013-07-10 11:00:00+00:00,1969.9999999999998
2013-07-10 12:00:00+00:00,2392.0000000000005
2013-07-10 13:00:00+00:00,1906.0
2013-07-10 14:00:00+00:00,494.0
2013-07-10 15:00:00+00:00,197.0
2013-07-10 16:00:00+00:00,205.00000000000003
2013-07-10 17:00:00+00:00,216.0
2013-07-10 18:00:00+00:00,207.00000000000003
2013-07-10 19:00:00+00:00,209.00000000000003
2013-07-10 20:00:00+00:00,225.0
2013-07-10 21:00:00+00:00,200.0
2013-07-10 22:00:00+00:00,194.0
2013-07-10 23:00:00+00:00,1000.9999999999999
2013-07-11 00:00:00+00:00,205.00000000000003
2013-07-11 01:00:00+00:00,198.0
2013-07-11 02:00:00+00:00,828.0
2013-07-11 03:00:00+00:00,397.0
2013-07-11 04:00:00+00:00,232.99999999999997
2013-07-11 05:00:00+00:00,1013.0000000000001
2013-07-11 06:00:00+00:00,234.0
2013-07-11 07:00:00+00:00,994.0
2013-07-11 08:00:00+00:00,255.0
2013-07-11 09:00:00+00:00,595.0
2013-07-11 10:00:00+00:00,3347.0
2013-07-11 11:00:00+00:00,3412.0
2013-07-11 12:00:00+00:00,2670.0
2013-07-11 13:00:00+00:00,1532.0
2013-07-11 14:00:00+00:00,986.9999999999999
2013-07-11 15:00:00+00:00,1061.0
2013-07-11 16:00:00+00:00,470.0
2013-07-11 17:00:00+00:00,763.0
2013-07-11 18:00:00+00:00,2303.0
2013-07-11 19:00:00+00:00,3808.9999999999995
2013-07-11 20:00:00+00:00,2282.0
2013-07-11 21:00:00+00:00,2404.0
2013-07-11 22:00:00+00:00,1960.0
2013-07-11 23:00:00+00:00,457.99999999999994
2013-07-12 00:00:00+00:00,226.0
2013-07-12 01:00:00+00:00,208.00000000000003
2013-07-12 02:00:00+00:00,192.0
2013-07-12 03:00:00+00:00,1317.0
2013-07-12 04:00:00+00:00,234.0
2013-07-12 05:00:00+00:00,781.9999999999999
2013-07-12 06:00:00+00:00,572.0
2013-07-12 07:00:00+00:00,574.0000000000001
2013-07-12 08:00:00+00:00,703.0
2013-07-12 09:00:00+00:00,1940.0
2013-07-12 10:00:00+00:00,1709.0
2013-07-12 11:00:00+00:00,1882.0000000000002
2013-07-12 12:00:00+00:00,889.0
2013-07-12 13:00:00+00:00,416.0
2013-07-12 14:00:00+00:00,1024.0
2013-07-12 15:00:00+00:00,752.0
2013-07-12 16:00:00+00:00,726.9999999999999
2013-07-12 17:00:00+00:00,1069.0
2013-07-12 18:00:00+00:00,628.0
2013-07-12 19:00:00+00:00,1960.9999999999998
2013-07-12 20:00:00+00:00,2400.0
2013-07-12 21:00:00+00:00,1635.0
2013-07-12 22:00:00+00:00,3165.0
2013-07-12 23:00:00+00:00,1562.0
2013-07-13 00:00:00+00:00,741.0
2013-07-13 01:00:00+00:00,224.0
2013-07-13 02:00:00+00:00,220.0
2013-07-13 03:00:00+00:00,1111.0
2013-07-13 04:00:00+00:00,394.0
2013-07-13 05:00:00+00:00,210.00000000000003
2013-07-13 06:00:00+00:00,1150.9999999999998
2013-07-13 07:00:00+00:00,214.0
2013-07-13 08:00:00+00:00,1076.0
2013-07-13 09:00:00+00:00,1255.0
2013-07-13 10:00:00+00:00,1538.0
2013-07-13 11:00:00+00:00,1636.0000000000002
2013-07-13 12:00:00+00:00,992.0
2013-07-13 13:00:00+00:00,293.00000000000006
2013-07-13 14:00:00+00:00,542.0
2013-07-13 15:00:00+00:00,496.0
2013-07-13 16:00:00+00:00,893.0
2013-07-13 17:00:00+00:00,320.0
2013-07-13 18:00:00+00:00,797.9999999999999
2013-07-13 19:00:00+00:00,3292.0000000000005
2013-07-13 20:00:00+00:00,3067.0
2013-07-13 21:00:00+00:00,1576.0
2013-07-13 22:00:00+00:00,2076.0
2013-07-13 23:00:00+00:00,1942.0000000000002
2013-07-14 00:00:00+00:00,404.0
2013-07-14 01:00:00+00:00,943.0
2013-07-14 02:00:00+00:00,222.0
2013-07-14 03:00:00+00:00,194.0
2013-07-14 04:00:00+00:00,436.00000000000006
2013-07-14 05:00:00+00:00,909.9999999999999
2013-07-14 06:00:00+00:00,232.99999999999997
2013-07-14 07:00:00+00:00,1090.0
2013-07-14 08:00:00+00:00,239.00000000000003
2013-07-14 09:00:00+00:00,3301.0
2013-07-14 10:00:00+00:00,3782.0
2013-07-14 11:00:00+00:00,3187.0000000000005
2013-07-14 12:00:00+00:00,1352.0
2013-07-14 13:00:00+00:00,644.0000000000001
2013-07-14 14:00:00+00:00,589.0
2013-07-14 15:00:00+00:00,597.0
2013-07-14 16:00:00+00:00,847.0
2013-07-14 17:00:00+00:00,1333.0
2013-07-14 18:00:00+00:00,247.0
2013-07-14 19:00:00+00:00,1425.0
2013-07-14 20:00:00+00:00,2160.0
2013-07-14 21:00:00+00:00,2300.0
2013-07-14 22:00:00+00:00,2232.0
2013-07-14 23:00:00+00:00,1600.0
2013-07-15 00:00:00+00:00,243.0
2013-07-15 01:00:00+00:00,210.00000000000003
2013-07-15 02:00:00+00:00,1068.0
2013-07-15 03:00:00+00:00,224.0
2013-07-15 04:00:00+00:00,213.0
2013-07-15 05:00:00+00:00,197.99999999999997
2013-07-15 06:00:00+00:00,214.00000000000003
2013-07-15 07:00:00+00:00,217.0
2013-07-15 08:00:00+00:00,574.0000000000001
2013-07-15 09:00:00+00:00,2079.0
2013-07-15 10:00:00+00:00,1723.0
2013-07-15 11:00:00+00:00,1486.0000000000002
2013-07-15 12:00:00+00:00,2383.0
2013-07-15 13:00:00+00:00,281.0
2013-07-15 14:00:00+00:00,952.0
2013-07-15 15:00:00+00:00,594.0
2013-07-15 16:00:00+00:00,1147.0
2013-07-15 17:00:00+00:00,563.0
2013-07-15 18:00:00+00:00,515.0
2013-07-15 19:00:00+00:00,1609.0
2013-07-15 20:00:00+00:00,2488.0
2013-07-15 21:00:00+00:00,2599.9999999999995
2013-07-15 22:00:00+00:00,1734.9999999999998
2013-07-15 23:00:00+00:00,655.0
2013-07-16 00:00:00+00:00,246.0
2013-07-16 01:00:00+00:00,226.99999999999997
2013-07-16 02:00:00+00:00,234.0
2013-07-16 03:00:00+00:00,227.0
2013-07-16 04:00:00+00:00,517.0
2013-07-16 05:00:00+00:00,659.0
2013-07-16 06:00:00+00:00,231.99999999999997
2013-07-16 07:00:00+00:00,210.0
2013-07-16 08:00:00+00:00,571.0
2013-07-16 09:00:00+00:00,2400.0
2013-07-16 10:00:00+00:00,1652.0000000000002
2013-07-16 11:00:00+00:00,540.0
2013-07-16 12:00:00+00:00,2150.0
2013-07-16 13:00:00+00:00,2731.9999999999995
2013-07-16 14:00:00+00:00,1190.0
2013-07-16 15:00:00+00:00,1503.0
2013-07-16 16:00:00+00:00,706.0
2013-07-16 17:00:00+00:00,687.0
2013-07-16 18:00:00+00:00,401.0
2013-07-16 19:00:00+00:00,2693.0
2013-07-16 20:00:00+00:00,1777.0000000000002
2013-07-16 21:00:00+00:00,1495.0
2013-07-16 22:00:00+00:00,1452.9999999999998
2013-07-16 23:00:00+00:00,1267.0
2013-07-17 00:00:00+00:00,1143.0
2013-07-17 01:00:00+00:00,240.00000000000003
2013-07-17 02:00:00+00:00,348.0
2013-07-17 03:00:00+00:00,287.0
2013-07-17 04:00:00+00:00,246.00000000000003
2013-07-17 05:00:00+00:00,257.0
2013-07-17 06:00:00+00:00,224.99999999999997
2013-07-17 07:00:00+00:00,257.0
2013-07-17 08:00:00+00:00,1022.9999999999999
2013-07-17 09:00:00+00:00,1301.0
2013-07-17 10:00:00+00:00,2776.0
2013-07-17 11:00:00+00:00,2532.0
2013-07-17 12:00:00+00:00,2371.0
2013-07-17 13:00:00+00:00,1050.0
2013-07-17 14:00:00+00:00,1396.0
2013-07-17 15:00:00+00:00,369.00000000000006
2013-07-17 16:00:00+00:00,558.0
2013-07-17 17:00:00+00:00,457.0
2013-07-17 18:00:00+00:00,359.0
2013-07-17 19:00:00+00:00,2132.0
2013-07-17 20:00:00+00:00,3165.0
2013-07-17 21:00:00+00:00,1782.0
2013-07-17 22:00:00+00:00,1589.0
2013-07-17 23:00:00+00:00,1629.0
2013-07-18 00:00:00+00:00,658.0
2013-07-18 01:00:00+00:00,277.0
2013-07-18 02:00:00+00:00,268.0
2013-07-18 03:00:00+00:00,251.0
2013-07-18 04:00:00+00:00,1167.0
2013-07-18 05:00:00+00:00,260.0
2013-07-18 06:00:00+00:00,261.0
2013-07-18 07:00:00+00:00,250.0
2013-07-18 08:00:00+00:00,419.0
2013-07-18 09:00:00+00:00,1682.0
2013-07-18 10:00:00+00:00,992.0
2013-07-18 11:00:00+00:00,1911.0
2013-07-18 12:00:00+00:00,1527.0
2013-07-18 13:00:00+00:00,276.0
2013-07-18 14:00:00+00:00,290.00000000000006
2013-07-18 15:00:00+00:00,283.0
2013-07-18 16:00:00+00:00,297.00000000000006
2013-07-18 17:00:00+00:00,253.0
2013-07-18 18:00:00+00:00,268.0
2013-07-18 19:00:00+00:00,264.0
2013-07-18 20:00:00+00:00,267.0
2013-07-18 21:00:00+00:00,264.0
2013-07-18 22:00:00+00:00,255.0
2013-07-18 23:00:00+00:00,245.0
2013-07-19 00:00:00+00:00,245.0
2013-07-19 01:00:00+00:00,247.0
2013-07-19 02:00:00+00:00,249.0
2013-07-19 03:00:00+00:00,252.0
2013-07-19 04:00:00+00:00,254.0
2013-07-19 05:00:00+00:00,254.0
2013-07-19 06:00:00+00:00,245.0
2013-07-19 07:00:00+00:00,251.0
2013-07-19 08:00:00+00:00,248.0
2013-07-19 09:00:00+00:00,249.0
2013-07-19 10:00:00+00:00,250.0
2013-07-19 11:00:00+00:00,266.0
2013-07-19 12:00:00+00:00,321.0
2013-07-19 13:00:00+00:00,2278.0000000000005
2013-07-19 14:00:00+00:00,970.0
2013-07-19 15:00:00+00:00,983.0000000000001
2013-07-19 16:00:00+00:00,812.0
2013-07-19 17:00:00+00:00,1702.0
2013-07-19 18:00:00+00:00,614.0
2013-07-19 19:00:00+00:00,2522.0000000000005
2013-07-19 20:00:00+00:00,1838.0
2013-07-19 21:00:00+00:00,2250.0
2013-07-19 22:00:00+00:00,1433.0000000000002
2013-07-19 23:00:00+00:00,1872.0
2013-07-20 00:00:00+00:00,582.0
2013-07-20 01:00:00+00:00,301.00000000000006
2013-07-20 02:00:00+00:00,289.00000000000006
2013-07-20 03:00:00+00:00,310.0
2013-07-20 04:00:00+00:00,297.0
2013-07-20 05:00:00+00:00,291.00000000000006
2013-07-20 06:00:00+00:00,1002.0
2013-07-20 07:00:00+00:00,290.00000000000006
2013-07-20 08:00:00+00:00,628.0
2013-07-20 09:00:00+00:00,1835.9999999999998
2013-07-20 10:00:00+00:00,2831.0
2013-07-20 11:00:00+00:00,1705.0
2013-07-20 12:00:00+00:00,2249.0
2013-07-20 13:00:00+00:00,2146.0
2013-07-20 14:00:00+00:00,559.0
2013-07-20 15:00:00+00:00,537.0
2013-07-20 16:00:00+00:00,359.0
2013-07-20 17:00:00+00:00,413.00000000000006
2013-07-20 18:00:00+00:00,517.0
2013-07-20 19:00:00+00:00,865.0000000000001
2013-07-20 20:00:00+00:00,3469.0000000000005
2013-07-20 21:00:00+00:00,1576.0
2013-07-20 22:00:00+00:00,1428.0
2013-07-20 23:00:00+00:00,1279.9999999999998
2013-07-21 00:00:00+00:00,2104.0
2013-07-21 01:00:00+00:00,244.0
2013-07-21 02:00:00+00:00,259.0
2013-07-21 03:00:00+00:00,245.0
2013-07-21 04:00:00+00:00,243.00000000000003
2013-07-21 05:00:00+00:00,250.0
2013-07-21 06:00:00+00:00,254.0
2013-07-21 07:00:00+00:00,247.0
2013-07-21 08:00:00+00:00,1699.0
2013-07-21 09:00:00+00:00,1057.9999999999998
2013-07-21 10:00:00+00:00,1583.0000000000002
2013-07-21 11:00:00+00:00,3939.0
2013-07-21 12:00:00+00:00,3360.9999999999995
2013-07-21 13:00:00+00:00,643.0
2013-07-21 14:00:00+00:00,851.0
2013-07-21 15:00:00+00:00,558.0
2013-07-21 16:00:00+00:00,252.0
2013-07-21 17:00:00+00:00,248.0
2013-07-21 18:00:00+00:00,580.0000000000001
2013-07-21 19:00:00+00:00,2776.0
2013-07-21 20:00:00+00:00,2198.0
2013-07-21 21:00:00+00:00,3105.0
2013-07-21 22:00:00+00:00,3347.0000000000005
2013-07-21 23:00:00+00:00,1836.0
2013-07-22 00:00:00+00:00,332.99999999999994
2013-07-22 01:00:00+00:00,1014.0
2013-07-22 02:00:00+00:00,853.0
2013-07-22 03:00:00+00:00,478.0
2013-07-22 04:00:00+00:00,1030.0
2013-07-22 05:00:00+00:00,829.0
2013-07-22 06:00:00+00:00,568.0000000000001
2013-07-22 07:00:00+00:00,1019.0000000000001
2013-07-22 08:00:00+00:00,1567.9999999999998
2013-07-22 09:00:00+00:00,4184.0
2013-07-22 10:00:00+00:00,1530.0
2013-07-22 11:00:00+00:00,1962.9999999999998
2013-07-22 12:00:00+00:00,979.0000000000001
2013-07-22 13:00:00+00:00,294.0
2013-07-22 14:00:00+00:00,392.99999999999994
2013-07-22 15:00:00+00:00,455.99999999999994
2013-07-22 16:00:00+00:00,530.0
2013-07-22 17:00:00+00:00,1499.0
2013-07-22 18:00:00+00:00,393.0
2013-07-22 19:00:00+00:00,2919.0
2013-07-22 20:00:00+00:00,3831.0
2013-07-22 21:00:00+00:00,3001.0000000000005
2013-07-22 22:00:00+00:00,2021.0
2013-07-22 23:00:00+00:00,3014.9999999999995
2013-07-23 00:00:00+00:00,1061.9999999999998
2013-07-23 01:00:00+00:00,1080.0
2013-07-23 02:00:00+00:00,1083.0
2013-07-23 03:00:00+00:00,1047.0
2013-07-23 04:00:00+00:00,1051.0
2013-07-23 05:00:00+00:00,327.99999999999994
2013-07-23 06:00:00+00:00,1043.0
2013-07-23 07:00:00+00:00,1050.0
2013-07-23 08:00:00+00:00,497.0
2013-07-23 09:00:00+00:00,2308.9999999999995
2013-07-23 10:00:00+00:00,1765.0
2013-07-23 11:00:00+00:00,3183.0
2013-07-23 12:00:00+00:00,1340.0
2013-07-23 13:00:00+00:00,1596.0
2013-07-23 14:00:00+00:00,913.9999999999999
2013-07-23 15:00:00+00:00,1050.0
2013-07-23 16:00:00+00:00,843.0
2013-07-23 17:00:00+00:00,1213.0
2013-07-23 18:00:00+00:00,421.00000000000006
2013-07-23 19:00:00+00:00,2410.0
2013-07-23 20:00:00+00:00,3665.0
2013-07-23 21:00:00+00:00,2020.0
2013-07-23 22:00:00+00:00,2466.0
2013-07-23 23:00:00+00:00,2360.0
2013-07-24 00:00:00+00:00,1083.0
2013-07-24 01:00:00+00:00,258.0
2013-07-24 02:00:00+00:00,232.0
2013-07-24 03:00:00+00:00,318.0
2013-07-24 04:00:00+00:00,258.0
2013-07-24 05:00:00+00:00,254.0
2013-07-24 06:00:00+00:00,249.0
2013-07-24 07:00:00+00:00,229.99999999999997
2013-07-24 08:00:00+00:00,1591.0
2013-07-24 09:00:00+00:00,838.0
2013-07-24 10:00:00+00:00,2895.0
2013-07-24 11:00:00+00:00,1613.0
2013-07-24 12:00:00+00:00,1327.0
2013-07-24 13:00:00+00:00,1703.0
2013-07-24 14:00:00+00:00,1926.0000000000002
2013-07-24 15:00:00+00:00,536.9999999999999
2013-07-24 16:00:00+00:00,936.0
2013-07-24 17:00:00+00:00,492.0
2013-07-24 18:00:00+00:00,470.0
2013-07-24 19:00:00+00:00,2041.0
2013-07-24 20:00:00+00:00,2255.0
2013-07-24 21:00:00+00:00,3412.0000000000005
2013-07-24 22:00:00+00:00,2759.0000000000005
2013-07-24 23:00:00+00:00,1207.0
2013-07-25 00:00:00+00:00,491.0
2013-07-25 01:00:00+00:00,250.0
2013-07-25 02:00:00+00:00,289.00000000000006
2013-07-25 03:00:00+00:00,266.0
2013-07-25 04:00:00+00:00,260.0
2013-07-25 05:00:00+00:00,1017.0000000000001
2013-07-25 06:00:00+00:00,248.0
2013-07-25 07:00:00+00:00,261.0
2013-07-25 08:00:00+00:00,1352.0
2013-07-25 09:00:00+00:00,1140.0000000000002
2013-07-25 10:00:00+00:00,4166.0
2013-07-25 11:00:00+00:00,3939.0
2013-07-25 12:00:00+00:00,1234.0
2013-07-25 13:00:00+00:00,1090.0
2013-07-25 14:00:00+00:00,1249.9999999999998
2013-07-25 15:00:00+00:00,382.0
2013-07-25 16:00:00+00:00,368.0
2013-07-25 17:00:00+00:00,417.00000000000006
2013-07-25 18:00:00+00:00,2525.0000000000005
2013-07-25 19:00:00+00:00,3938.0000000000005
2013-07-25 20:00:00+00:00,3760.0
2013-07-25 21:00:00+00:00,3631.0
2013-07-25 22:00:00+00:00,2795.0
2013-07-25 23:00:00+00:00,1763.9999999999998
2013-07-26 00:00:00+00:00,1101.0
2013-07-26 01:00:00+00:00,1280.0
2013-07-26 02:00:00+00:00,352.0
2013-07-26 03:00:00+00:00,1146.0
2013-07-26 04:00:00+00:00,932.9999999999999
2013-07-26 05:00:00+00:00,624.0000000000001
2013-07-26 06:00:00+00:00,1082.0
2013-07-26 07:00:00+00:00,355.0
2013-07-26 08:00:00+00:00,1448.9999999999998
2013-07-26 09:00:00+00:00,2177.0
2013-07-26 10:00:00+00:00,5579.000000000001
2013-07-26 11:00:00+00:00,4468.0
2013-07-26 12:00:00+00:00,3374.0
2013-07-26 13:00:00+00:00,801.9999999999999
2013-07-26 14:00:00+00:00,912.0000000000001
2013-07-26 15:00:00+00:00,393.0
2013-07-26 16:00:00+00:00,506.0
2013-07-26 17:00:00+00:00,691.0000000000001
2013-07-26 18:00:00+00:00,1446.0
2013-07-26 19:00:00+00:00,3692.0
2013-07-26 20:00:00+00:00,3383.0
2013-07-26 21:00:00+00:00,2715.0
2013-07-26 22:00:00+00:00,3136.0
2013-07-26 23:00:00+00:00,3725.0000000000005
2013-07-27 00:00:00+00:00,549.0
2013-07-27 01:00:00+00:00,1061.0
2013-07-27 02:00:00+00:00,335.99999999999994
2013-07-27 03:00:00+00:00,1044.0
2013-07-27 04:00:00+00:00,571.0
2013-07-27 05:00:00+00:00,698.0
2013-07-27 06:00:00+00:00,1010.0
2013-07-27 07:00:00+00:00,281.0
2013-07-27 08:00:00+00:00,1523.0000000000002
2013-07-27 09:00:00+00:00,1462.0
2013-07-27 10:00:00+00:00,5137.0
2013-07-27 11:00:00+00:00,4354.0
2013-07-27 12:00:00+00:00,1702.0
2013-07-27 13:00:00+00:00,231.0
2013-07-27 14:00:00+00:00,430.00000000000006
2013-07-27 15:00:00+00:00,1014.0
2013-07-27 16:00:00+00:00,1185.0
2013-07-27 17:00:00+00:00,827.0
2013-07-27 18:00:00+00:00,1310.0
2013-07-27 19:00:00+00:00,4639.0
2013-07-27 20:00:00+00:00,4147.0
2013-07-27 21:00:00+00:00,2417.0
2013-07-27 22:00:00+00:00,2464.0000000000005
2013-07-27 23:00:00+00:00,3014.9999999999995
2013-07-28 00:00:00+00:00,2282.0
2013-07-28 01:00:00+00:00,817.0
2013-07-28 02:00:00+00:00,653.9999999999999
2013-07-28 03:00:00+00:00,1041.0
2013-07-28 04:00:00+00:00,242.00000000000003
2013-07-28 05:00:00+00:00,1055.0
2013-07-28 06:00:00+00:00,781.0
2013-07-28 07:00:00+00:00,501.0
2013-07-28 08:00:00+00:00,1351.0000000000002
2013-07-28 09:00:00+00:00,1241.0
2013-07-28 10:00:00+00:00,2110.0000000000005
2013-07-28 11:00:00+00:00,2785.0
2013-07-28 12:00:00+00:00,2113.0
2013-07-28 13:00:00+00:00,670.9999999999999
2013-07-28 14:00:00+00:00,2453.0000000000005
2013-07-28 15:00:00+00:00,726.0
2013-07-28 16:00:00+00:00,1355.9999999999998
2013-07-28 17:00:00+00:00,1630.0
2013-07-28 18:00:00+00:00,2597.0
2013-07-28 19:00:00+00:00,5365.0
2013-07-28 20:00:00+00:00,3429.0000000000005
2013-07-28 21:00:00+00:00,1740.0
2013-07-28 22:00:00+00:00,2265.0
2013-07-28 23:00:00+00:00,2947.0
2013-07-29 00:00:00+00:00,501.0
2013-07-29 01:00:00+00:00,296.0
2013-07-29 02:00:00+00:00,876.0
2013-07-29 03:00:00+00:00,291.0
2013-07-29 04:00:00+00:00,1189.0
2013-07-29 05:00:00+00:00,535.0
2013-07-29 06:00:00+00:00,1338.0
2013-07-29 07:00:00+00:00,696.0
2013-07-29 08:00:00+00:00,1382.0000000000002
2013-07-29 09:00:00+00:00,2681.0
2013-07-29 10:00:00+00:00,4870.0
2013-07-29 11:00:00+00:00,5122.0
2013-07-29 12:00:00+00:00,2162.0
2013-07-29 13:00:00+00:00,1204.0000000000002
2013-07-29 14:00:00+00:00,342.0
2013-07-29 15:00:00+00:00,306.00000000000006
2013-07-29 16:00:00+00:00,645.0
2013-07-29 17:00:00+00:00,1289.0
2013-07-29 18:00:00+00:00,4413.0
2013-07-29 19:00:00+00:00,3556.0
2013-07-29 20:00:00+00:00,4405.0
2013-07-29 21:00:00+00:00,2921.0
2013-07-29 22:00:00+00:00,1126.0
2013-07-29 23:00:00+00:00,1195.0
2013-07-30 00:00:00+00:00,1354.0
2013-07-30 01:00:00+00:00,564.0
2013-07-30 02:00:00+00:00,648.0
2013-07-30 03:00:00+00:00,514.0
2013-07-30 04:00:00+00:00,1306.0
2013-07-30 05:00:00+00:00,427.0
2013-07-30 06:00:00+00:00,417.00000000000006
2013-07-30 07:00:00+00:00,438.99999999999994
2013-07-30 08:00:00+00:00,711.0
2013-07-30 09:00:00+00:00,2222.0
2013-07-30 10:00:00+00:00,5698.0
2013-07-30 11:00:00+00:00,5290.0
2013-07-30 12:00:00+00:00,4535.0
2013-07-30 13:00:00+00:00,1569.0
2013-07-30 14:00:00+00:00,627.0
2013-07-30 15:00:00+00:00,523.0
2013-07-30 16:00:00+00:00,525.0
2013-07-30 17:00:00+00:00,1584.0
2013-07-30 18:00:00+00:00,2031.0000000000002
2013-07-30 19:00:00+00:00,2933.0
2013-07-30 20:00:00+00:00,2150.0
2013-07-30 21:00:00+00:00,2476.0
2013-07-30 22:00:00+00:00,1702.0
2013-07-30 23:00:00+00:00,1650.0
2013-07-31 00:00:00+00:00,655.0
2013-07-31 01:00:00+00:00,1071.0
2013-07-31 02:00:00+00:00,457.99999999999994
2013-07-31 03:00:00+00:00,387.0
2013-07-31 04:00:00+00:00,394.0
2013-07-31 05:00:00+00:00,383.0
2013-07-31 06:00:00+00:00,355.0
2013-07-31 07:00:00+00:00,458.99999999999994
2013-07-31 08:00:00+00:00,1381.0
2013-07-31 09:00:00+00:00,1204.0
2013-07-31 10:00:00+00:00,3410.9999999999995
2013-07-31 11:00:00+00:00,2724.0
2013-07-31 12:00:00+00:00,1916.0
2013-07-31 13:00:00+00:00,2203.9999999999995
2013-07-31 14:00:00+00:00,1367.9999999999998
2013-07-31 15:00:00+00:00,230.0
2013-07-31 16:00:00+00:00,402.0
2013-07-31 17:00:00+00:00,411.0
2013-07-31 18:00:00+00:00,1052.0
2013-07-31 19:00:00+00:00,2706.0
2013-07-31 20:00:00+00:00,5077.0
2013-07-31 21:00:00+00:00,3789.0
2013-07-31 22:00:00+00:00,2211.0
2013-07-31 23:00:00+00:00,2105.0
2013-08-01 00:00:00+00:00,527.0
2013-08-01 01:00:00+00:00,524.9999999999999
2013-08-01 02:00:00+00:00,451.0
2013-08-01 03:00:00+00:00,397.0
2013-08-01 04:00:00+00:00,430.00000000000006
2013-08-01 05:00:00+00:00,435.99999999999994
2013-08-01 06:00:00+00:00,1768.0
2013-08-01 07:00:00+00:00,463.99999999999994
2013-08-01 08:00:00+00:00,561.0
2013-08-01 09:00:00+00:00,1747.0
2013-08-01 10:00:00+00:00,5005.0
2013-08-01 11:00:00+00:00,5103.999999999999
2013-08-01 12:00:00+00:00,3196.0
2013-08-01 13:00:00+00:00,1010.0
2013-08-01 14:00:00+00:00,347.00000000000006
2013-08-01 15:00:00+00:00,334.99999999999994
2013-08-01 16:00:00+00:00,318.0
2013-08-01 17:00:00+00:00,1291.9999999999998
2013-08-01 18:00:00+00:00,1652.0000000000002
2013-08-01 19:00:00+00:00,4420.0
2013-08-01 20:00:00+00:00,4504.0
2013-08-01 21:00:00+00:00,2783.0
2013-08-01 22:00:00+00:00,1927.0
2013-08-01 23:00:00+00:00,1877.0
2013-08-02 00:00:00+00:00,446.99999999999994
2013-08-02 01:00:00+00:00,403.0
2013-08-02 02:00:00+00:00,435.99999999999994
2013-08-02 03:00:00+00:00,1594.0
2013-08-02 04:00:00+00:00,599.0
2013-08-02 05:00:00+00:00,1212.0
2013-08-02 06:00:00+00:00,591.0
2013-08-02 07:00:00+00:00,1272.0
2013-08-02 08:00:00+00:00,736.0
2013-08-02 09:00:00+00:00,749.0
2013-08-02 10:00:00+00:00,3885.0
2013-08-02 11:00:00+00:00,3359.0
2013-08-02 12:00:00+00:00,2529.0
2013-08-02 13:00:00+00:00,733.0000000000001
2013-08-02 14:00:00+00:00,215.0
2013-08-02 15:00:00+00:00,232.0
2013-08-02 16:00:00+00:00,241.0
2013-08-02 17:00:00+00:00,423.0
2013-08-02 18:00:00+00:00,2076.0
2013-08-02 19:00:00+00:00,2961.9999999999995
2013-08-02 20:00:00+00:00,4451.000000000001
2013-08-02 21:00:00+00:00,5093.0
2013-08-02 22:00:00+00:00,3988.0
2013-08-02 23:00:00+00:00,2389.9999999999995
2013-08-03 00:00:00+00:00,2013.0000000000005
2013-08-03 01:00:00+00:00,1314.0
2013-08-03 02:00:00+00:00,423.00000000000006
2013-08-03 03:00:00+00:00,408.00000000000006
2013-08-03 04:00:00+00:00,420.0
2013-08-03 05:00:00+00:00,429.0
2013-08-03 06:00:00+00:00,1059.0000000000002
2013-08-03 07:00:00+00:00,1208.0
2013-08-03 08:00:00+00:00,647.0
2013-08-03 09:00:00+00:00,1387.0
2013-08-03 10:00:00+00:00,4821.0
2013-08-03 11:00:00+00:00,4948.0
2013-08-03 12:00:00+00:00,2234.0
2013-08-03 13:00:00+00:00,2874.0
2013-08-03 14:00:00+00:00,2795.0
2013-08-03 15:00:00+00:00,2762.0
2013-08-03 16:00:00+00:00,3872.0
2013-08-03 17:00:00+00:00,5455.999999999999
2013-08-03 18:00:00+00:00,1242.0
2013-08-03 19:00:00+00:00,287.00000000000006
2013-08-03 20:00:00+00:00,2724.0
2013-08-03 21:00:00+00:00,3079.0
2013-08-03 22:00:00+00:00,2057.0000000000005
2013-08-03 23:00:00+00:00,2253.0
2013-08-04 00:00:00+00:00,1809.9999999999998
2013-08-04 01:00:00+00:00,213.0
2013-08-04 02:00:00+00:00,192.0
2013-08-04 03:00:00+00:00,945.0
2013-08-04 04:00:00+00:00,248.00000000000003
2013-08-04 05:00:00+00:00,207.0
2013-08-04 06:00:00+00:00,192.0
2013-08-04 07:00:00+00:00,837.0
2013-08-04 08:00:00+00:00,200.0
2013-08-04 09:00:00+00:00,1633.0000000000002
2013-08-04 10:00:00+00:00,4829.0
2013-08-04 11:00:00+00:00,1946.0000000000002
2013-08-04 12:00:00+00:00,1945.0
2013-08-04 13:00:00+00:00,708.0
2013-08-04 14:00:00+00:00,1497.0
2013-08-04 15:00:00+00:00,532.0
2013-08-04 16:00:00+00:00,600.0
2013-08-04 17:00:00+00:00,1014.0
2013-08-04 18:00:00+00:00,224.0
2013-08-04 19:00:00+00:00,3253.0
2013-08-04 20:00:00+00:00,1583.0
2013-08-04 21:00:00+00:00,1688.0
2013-08-04 22:00:00+00:00,2085.0
2013-08-04 23:00:00+00:00,2513.0
2013-08-05 00:00:00+00:00,448.0
2013-08-05 01:00:00+00:00,755.0000000000001
2013-08-05 02:00:00+00:00,596.0
2013-08-05 03:00:00+00:00,208.0
2013-08-05 04:00:00+00:00,207.00000000000003
2013-08-05 05:00:00+00:00,845.0
2013-08-05 06:00:00+00:00,506.0
2013-08-05 07:00:00+00:00,1030.0
2013-08-05 08:00:00+00:00,501.0
2013-08-05 09:00:00+00:00,1168.0
2013-08-05 10:00:00+00:00,2081.0
2013-08-05 11:00:00+00:00,2226.0
2013-08-05 12:00:00+00:00,712.0
2013-08-05 13:00:00+00:00,538.9999999999999
2013-08-05 14:00:00+00:00,917.9999999999999
2013-08-05 15:00:00+00:00,285.00000000000006
2013-08-05 16:00:00+00:00,665.0
2013-08-05 17:00:00+00:00,642.0
2013-08-05 18:00:00+00:00,457.99999999999994
2013-08-05 19:00:00+00:00,3366.0
2013-08-05 20:00:00+00:00,2951.0
2013-08-05 21:00:00+00:00,1490.0
2013-08-05 22:00:00+00:00,2036.0
2013-08-05 23:00:00+00:00,2407.0
2013-08-06 00:00:00+00:00,1283.0
2013-08-06 01:00:00+00:00,1173.0
2013-08-06 02:00:00+00:00,591.0
2013-08-06 03:00:00+00:00,914.0
2013-08-06 04:00:00+00:00,429.99999999999994
2013-08-06 05:00:00+00:00,206.0
2013-08-06 06:00:00+00:00,241.0
2013-08-06 07:00:00+00:00,1105.9999999999998
2013-08-06 08:00:00+00:00,438.0
2013-08-06 09:00:00+00:00,1375.0
2013-08-06 10:00:00+00:00,2035.9999999999995
2013-08-06 11:00:00+00:00,2152.0
2013-08-06 12:00:00+00:00,1698.0
2013-08-06 13:00:00+00:00,730.0
2013-08-06 14:00:00+00:00,575.0
2013-08-06 15:00:00+00:00,486.0
2013-08-06 16:00:00+00:00,451.0
2013-08-06 17:00:00+00:00,382.0
2013-08-06 18:00:00+00:00,355.0
2013-08-06 19:00:00+00:00,1325.9999999999998
2013-08-06 20:00:00+00:00,2228.0
2013-08-06 21:00:00+00:00,2393.0000000000005
2013-08-06 22:00:00+00:00,1377.0
2013-08-06 23:00:00+00:00,1482.0
2013-08-07 00:00:00+00:00,256.0
2013-08-07 01:00:00+00:00,298.0
2013-08-07 02:00:00+00:00,284.00000000000006
2013-08-07 03:00:00+00:00,239.0
2013-08-07 04:00:00+00:00,218.0
2013-08-07 05:00:00+00:00,238.0
2013-08-07 06:00:00+00:00,220.99999999999997
2013-08-07 07:00:00+00:00,224.0
2013-08-07 08:00:00+00:00,284.0
2013-08-07 09:00:00+00:00,1264.0
2013-08-07 10:00:00+00:00,1880.0
2013-08-07 11:00:00+00:00,2369.0
2013-08-07 12:00:00+00:00,1970.0
2013-08-07 13:00:00+00:00,601.0
2013-08-07 14:00:00+00:00,338.99999999999994
2013-08-07 15:00:00+00:00,269.0
2013-08-07 16:00:00+00:00,336.99999999999994
2013-08-07 17:00:00+00:00,513.0
2013-08-07 18:00:00+00:00,320.00000000000006
2013-08-07 19:00:00+00:00,2055.0
2013-08-07 20:00:00+00:00,2372.0
2013-08-07 21:00:00+00:00,1443.0
2013-08-07 22:00:00+00:00,1785.0000000000002
2013-08-07 23:00:00+00:00,1079.9999999999998
2013-08-08 00:00:00+00:00,1305.0
2013-08-08 01:00:00+00:00,231.00000000000003
2013-08-08 02:00:00+00:00,217.99999999999997
2013-08-08 03:00:00+00:00,282.0
2013-08-08 04:00:00+00:00,229.99999999999997
2013-08-08 05:00:00+00:00,246.0
2013-08-08 06:00:00+00:00,221.99999999999997
2013-08-08 07:00:00+00:00,251.0
2013-08-08 08:00:00+00:00,1334.0
2013-08-08 09:00:00+00:00,1325.9999999999998
2013-08-08 10:00:00+00:00,1589.0
2013-08-08 11:00:00+00:00,2357.0
2013-08-08 12:00:00+00:00,1874.0
2013-08-08 13:00:00+00:00,2582.0
2013-08-08 14:00:00+00:00,1923.0
2013-08-08 15:00:00+00:00,820.0
2013-08-08 16:00:00+00:00,681.9999999999999
2013-08-08 17:00:00+00:00,1022.0
2013-08-08 18:00:00+00:00,347.0
2013-08-08 19:00:00+00:00,3193.0000000000005
2013-08-08 20:00:00+00:00,3410.0
2013-08-08 21:00:00+00:00,1607.0
2013-08-08 22:00:00+00:00,2261.0
2013-08-08 23:00:00+00:00,2381.0
2013-08-09 00:00:00+00:00,421.0
2013-08-09 01:00:00+00:00,216.99999999999997
2013-08-09 02:00:00+00:00,825.0
2013-08-09 03:00:00+00:00,213.99999999999997
2013-08-09 04:00:00+00:00,256.0
2013-08-09 05:00:00+00:00,225.0
2013-08-09 06:00:00+00:00,205.00000000000003
2013-08-09 07:00:00+00:00,181.0
2013-08-09 08:00:00+00:00,956.0
2013-08-09 09:00:00+00:00,1356.0
2013-08-09 10:00:00+00:00,2782.0
2013-08-09 11:00:00+00:00,2975.0
2013-08-09 12:00:00+00:00,762.0
2013-08-09 13:00:00+00:00,945.0000000000001
2013-08-09 14:00:00+00:00,413.0
2013-08-09 15:00:00+00:00,1069.9999999999998
2013-08-09 16:00:00+00:00,176.00000000000003
2013-08-09 17:00:00+00:00,222.0
2013-08-09 18:00:00+00:00,195.0
2013-08-09 19:00:00+00:00,672.0
2013-08-09 20:00:00+00:00,1236.0
2013-08-09 21:00:00+00:00,1040.0
2013-08-09 22:00:00+00:00,1698.0000000000002
2013-08-09 23:00:00+00:00,2836.0000000000005
2013-08-10 00:00:00+00:00,230.99999999999997
2013-08-10 01:00:00+00:00,222.0
2013-08-10 02:00:00+00:00,206.00000000000003
2013-08-10 03:00:00+00:00,198.0
2013-08-10 04:00:00+00:00,226.99999999999997
2013-08-10 05:00:00+00:00,206.00000000000003
2013-08-10 06:00:00+00:00,251.0
2013-08-10 07:00:00+00:00,212.0
2013-08-10 08:00:00+00:00,443.99999999999994
2013-08-10 09:00:00+00:00,397.0
2013-08-10 10:00:00+00:00,3570.9999999999995
2013-08-10 11:00:00+00:00,2048.0
2013-08-10 12:00:00+00:00,1053.0
2013-08-10 13:00:00+00:00,451.99999999999994
2013-08-10 14:00:00+00:00,585.0
2013-08-10 15:00:00+00:00,272.0
2013-08-10 16:00:00+00:00,225.99999999999997
2013-08-10 17:00:00+00:00,473.0
2013-08-10 18:00:00+00:00,446.0
2013-08-10 19:00:00+00:00,905.0
2013-08-10 20:00:00+00:00,1105.9999999999998
2013-08-10 21:00:00+00:00,490.0
2013-08-10 22:00:00+00:00,580.0000000000001
2013-08-10 23:00:00+00:00,720.0
2013-08-11 00:00:00+00:00,552.9999999999999
2013-08-11 01:00:00+00:00,210.0
2013-08-11 02:00:00+00:00,232.99999999999997
2013-08-11 03:00:00+00:00,209.00000000000003
2013-08-11 04:00:00+00:00,1445.0
2013-08-11 05:00:00+00:00,255.0
2013-08-11 06:00:00+00:00,1110.0
2013-08-11 07:00:00+00:00,1031.0000000000002
2013-08-11 08:00:00+00:00,225.99999999999997
2013-08-11 09:00:00+00:00,924.0
2013-08-11 10:00:00+00:00,1943.0
2013-08-11 11:00:00+00:00,1505.0
2013-08-11 12:00:00+00:00,499.0
2013-08-11 13:00:00+00:00,312.00000000000006
2013-08-11 14:00:00+00:00,463.99999999999994
2013-08-11 15:00:00+00:00,377.0
2013-08-11 16:00:00+00:00,428.99999999999994
2013-08-11 17:00:00+00:00,207.00000000000003
2013-08-11 18:00:00+00:00,609.0
2013-08-11 19:00:00+00:00,2812.9999999999995
2013-08-11 20:00:00+00:00,3747.0
2013-08-11 21:00:00+00:00,797.0
2013-08-11 22:00:00+00:00,1710.0000000000002
2013-08-11 23:00:00+00:00,745.0
2013-08-12 00:00:00+00:00,252.0
2013-08-12 01:00:00+00:00,202.0
2013-08-12 02:00:00+00:00,227.99999999999997
2013-08-12 03:00:00+00:00,216.0
2013-08-12 04:00:00+00:00,207.0
2013-08-12 05:00:00+00:00,225.0
2013-08-12 06:00:00+00:00,282.0
2013-08-12 07:00:00+00:00,889.0
2013-08-12 08:00:00+00:00,687.0
2013-08-12 09:00:00+00:00,1488.0000000000002
2013-08-12 10:00:00+00:00,3743.0000000000005
2013-08-12 11:00:00+00:00,2222.0
2013-08-12 12:00:00+00:00,1168.0000000000002
2013-08-12 13:00:00+00:00,786.0
2013-08-12 14:00:00+00:00,471.00000000000006
2013-08-12 15:00:00+00:00,398.0
2013-08-12 16:00:00+00:00,216.0
2013-08-12 17:00:00+00:00,654.0
2013-08-12 18:00:00+00:00,491.0
2013-08-12 19:00:00+00:00,1198.0
2013-08-12 20:00:00+00:00,1240.0
2013-08-12 21:00:00+00:00,771.0
2013-08-12 22:00:00+00:00,423.00000000000006
2013-08-12 23:00:00+00:00,457.99999999999994
2013-08-13 00:00:00+00:00,1726.0
2013-08-13 01:00:00+00:00,252.0
2013-08-13 02:00:00+00:00,208.00000000000003
2013-08-13 03:00:00+00:00,244.0
2013-08-13 04:00:00+00:00,229.0
2013-08-13 05:00:00+00:00,1351.0
2013-08-13 06:00:00+00:00,485.0000000000001
2013-08-13 07:00:00+00:00,829.0
2013-08-13 08:00:00+00:00,1266.0
2013-08-13 09:00:00+00:00,1207.0
2013-08-13 10:00:00+00:00,1584.0
2013-08-13 11:00:00+00:00,2062.0000000000005
2013-08-13 12:00:00+00:00,1439.0
2013-08-13 13:00:00+00:00,819.0
2013-08-13 14:00:00+00:00,584.0000000000001
2013-08-13 15:00:00+00:00,441.99999999999994
2013-08-13 16:00:00+00:00,510.0
2013-08-13 17:00:00+00:00,405.0
2013-08-13 18:00:00+00:00,263.0
2013-08-13 19:00:00+00:00,2014.0000000000002
2013-08-13 20:00:00+00:00,2778.0
2013-08-13 21:00:00+00:00,1483.0
2013-08-13 22:00:00+00:00,869.0
2013-08-13 23:00:00+00:00,1809.0000000000002
2013-08-14 00:00:00+00:00,265.0
2013-08-14 01:00:00+00:00,235.0
2013-08-14 02:00:00+00:00,218.0
2013-08-14 03:00:00+00:00,217.99999999999997
2013-08-14 04:00:00+00:00,227.0
2013-08-14 05:00:00+00:00,238.0
2013-08-14 06:00:00+00:00,221.99999999999997
2013-08-14 07:00:00+00:00,317.0
2013-08-14 08:00:00+00:00,1349.0000000000002
2013-08-14 09:00:00+00:00,856.0
2013-08-14 10:00:00+00:00,1433.0
2013-08-14 11:00:00+00:00,2477.0
2013-08-14 12:00:00+00:00,1039.0000000000002
2013-08-14 13:00:00+00:00,255.0
2013-08-14 14:00:00+00:00,234.0
2013-08-14 15:00:00+00:00,230.99999999999997
2013-08-14 16:00:00+00:00,222.00000000000003
2013-08-14 17:00:00+00:00,606.0
2013-08-14 18:00:00+00:00,310.0
2013-08-14 19:00:00+00:00,688.0
2013-08-14 20:00:00+00:00,2490.0
2013-08-14 21:00:00+00:00,1255.0
2013-08-14 22:00:00+00:00,1488.0
2013-08-14 23:00:00+00:00,1306.0
2013-08-15 00:00:00+00:00,357.0
2013-08-15 01:00:00+00:00,221.99999999999997
2013-08-15 02:00:00+00:00,222.0
2013-08-15 03:00:00+00:00,206.00000000000003
2013-08-15 04:00:00+00:00,232.0
2013-08-15 05:00:00+00:00,246.0
2013-08-15 06:00:00+00:00,262.0
2013-08-15 07:00:00+00:00,215.0
2013-08-15 08:00:00+00:00,210.00000000000003
2013-08-15 09:00:00+00:00,1662.0000000000002
2013-08-15 10:00:00+00:00,2023.0000000000002
2013-08-15 11:00:00+00:00,1872.0
2013-08-15 12:00:00+00:00,236.0
2013-08-15 13:00:00+00:00,221.99999999999997
2013-08-15 14:00:00+00:00,534.0
2013-08-15 15:00:00+00:00,252.0
2013-08-15 16:00:00+00:00,367.0
2013-08-15 17:00:00+00:00,321.99999999999994
2013-08-15 18:00:00+00:00,250.0
2013-08-15 19:00:00+00:00,2227.0
2013-08-15 20:00:00+00:00,2802.0000000000005
2013-08-15 21:00:00+00:00,1706.0
2013-08-15 22:00:00+00:00,2098.9999999999995
2013-08-15 23:00:00+00:00,2787.0
2013-08-16 00:00:00+00:00,426.0
2013-08-16 01:00:00+00:00,1031.0
2013-08-16 02:00:00+00:00,232.0
2013-08-16 03:00:00+00:00,1093.0
2013-08-16 04:00:00+00:00,715.0
2013-08-16 05:00:00+00:00,579.0
2013-08-16 06:00:00+00:00,1036.0
2013-08-16 07:00:00+00:00,649.0
2013-08-16 08:00:00+00:00,911.9999999999999
2013-08-16 09:00:00+00:00,1718.9999999999998
2013-08-16 10:00:00+00:00,1855.0
2013-08-16 11:00:00+00:00,2088.0
2013-08-16 12:00:00+00:00,1129.0
2013-08-16 13:00:00+00:00,455.99999999999994
2013-08-16 14:00:00+00:00,545.0
2013-08-16 15:00:00+00:00,721.0
2013-08-16 16:00:00+00:00,888.0000000000001
2013-08-16 17:00:00+00:00,303.0
2013-08-16 18:00:00+00:00,352.0
2013-08-16 19:00:00+00:00,1181.0
2013-08-16 20:00:00+00:00,1982.0000000000002
2013-08-16 21:00:00+00:00,1281.0000000000002
2013-08-16 22:00:00+00:00,1321.0
2013-08-16 23:00:00+00:00,911.0
2013-08-17 00:00:00+00:00,257.0
2013-08-17 01:00:00+00:00,235.00000000000003
2013-08-17 02:00:00+00:00,227.0
2013-08-17 03:00:00+00:00,181.0
2013-08-17 04:00:00+00:00,1270.0
2013-08-17 05:00:00+00:00,210.0
2013-08-17 06:00:00+00:00,224.99999999999997
2013-08-17 07:00:00+00:00,185.0
2013-08-17 08:00:00+00:00,1803.0
2013-08-17 09:00:00+00:00,1289.0
2013-08-17 10:00:00+00:00,2857.9999999999995
2013-08-17 11:00:00+00:00,1989.9999999999998
2013-08-17 12:00:00+00:00,357.0
2013-08-17 13:00:00+00:00,343.0
2013-08-17 14:00:00+00:00,344.0
2013-08-17 15:00:00+00:00,363.0
2013-08-17 16:00:00+00:00,334.99999999999994
2013-08-17 17:00:00+00:00,336.0
2013-08-17 18:00:00+00:00,728.0
2013-08-17 19:00:00+00:00,907.0
2013-08-17 20:00:00+00:00,1119.0
2013-08-17 21:00:00+00:00,915.0
2013-08-17 22:00:00+00:00,426.0
2013-08-17 23:00:00+00:00,492.0
2013-08-18 00:00:00+00:00,277.99999999999994
2013-08-18 01:00:00+00:00,288.00000000000006
2013-08-18 02:00:00+00:00,215.0
2013-08-18 03:00:00+00:00,196.0
2013-08-18 04:00:00+00:00,218.0
2013-08-18 05:00:00+00:00,1116.0
2013-08-18 06:00:00+00:00,1020.9999999999999
2013-08-18 07:00:00+00:00,209.00000000000003
2013-08-18 08:00:00+00:00,199.0
2013-08-18 09:00:00+00:00,375.0
2013-08-18 10:00:00+00:00,3595.0
2013-08-18 11:00:00+00:00,2101.0
2013-08-18 12:00:00+00:00,1006.0
2013-08-18 13:00:00+00:00,984.0
2013-08-18 14:00:00+00:00,806.0
2013-08-18 15:00:00+00:00,539.0
2013-08-18 16:00:00+00:00,377.99999999999994
2013-08-18 17:00:00+00:00,432.0
2013-08-18 18:00:00+00:00,228.0
2013-08-18 19:00:00+00:00,1335.0
2013-08-18 20:00:00+00:00,1731.0000000000002
2013-08-18 21:00:00+00:00,1854.0
2013-08-18 22:00:00+00:00,3391.0
2013-08-18 23:00:00+00:00,1627.0
2013-08-19 00:00:00+00:00,967.0000000000001
2013-08-19 01:00:00+00:00,216.0
2013-08-19 02:00:00+00:00,226.99999999999997
2013-08-19 03:00:00+00:00,207.00000000000003
2013-08-19 04:00:00+00:00,228.0
2013-08-19 05:00:00+00:00,224.0
2013-08-19 06:00:00+00:00,204.0
2013-08-19 07:00:00+00:00,198.0
2013-08-19 08:00:00+00:00,1106.0
2013-08-19 09:00:00+00:00,547.0
2013-08-19 10:00:00+00:00,2522.0000000000005
2013-08-19 11:00:00+00:00,1249.0
2013-08-19 12:00:00+00:00,763.9999999999999
2013-08-19 13:00:00+00:00,307.0
2013-08-19 14:00:00+00:00,509.0
2013-08-19 15:00:00+00:00,365.0
2013-08-19 16:00:00+00:00,883.0
2013-08-19 17:00:00+00:00,887.0
2013-08-19 18:00:00+00:00,339.99999999999994
2013-08-19 19:00:00+00:00,1406.0000000000002
2013-08-19 20:00:00+00:00,2037.0
2013-08-19 21:00:00+00:00,764.9999999999999
2013-08-19 22:00:00+00:00,411.0
2013-08-19 23:00:00+00:00,1623.0
2013-08-20 00:00:00+00:00,1223.0
2013-08-20 01:00:00+00:00,245.0
2013-08-20 02:00:00+00:00,1122.0
2013-08-20 03:00:00+00:00,231.99999999999997
2013-08-20 04:00:00+00:00,203.0
2013-08-20 05:00:00+00:00,214.0
2013-08-20 06:00:00+00:00,224.0
2013-08-20 07:00:00+00:00,221.0
2013-08-20 08:00:00+00:00,379.0
2013-08-20 09:00:00+00:00,1658.0
2013-08-20 10:00:00+00:00,2057.0000000000005
2013-08-20 11:00:00+00:00,1918.0000000000002
2013-08-20 12:00:00+00:00,1751.9999999999998
2013-08-20 13:00:00+00:00,558.0
2013-08-20 14:00:00+00:00,872.0
2013-08-20 15:00:00+00:00,470.00000000000006
2013-08-20 16:00:00+00:00,412.00000000000006
2013-08-20 17:00:00+00:00,413.00000000000006
2013-08-20 18:00:00+00:00,270.0
2013-08-20 19:00:00+00:00,3155.0
2013-08-20 20:00:00+00:00,3519.0
2013-08-20 21:00:00+00:00,1563.0
2013-08-20 22:00:00+00:00,1435.0
2013-08-20 23:00:00+00:00,1555.0
2013-08-21 00:00:00+00:00,408.0
2013-08-21 01:00:00+00:00,218.00000000000003
2013-08-21 02:00:00+00:00,1417.0
2013-08-21 03:00:00+00:00,232.0
2013-08-21 04:00:00+00:00,203.0
2013-08-21 05:00:00+00:00,1116.0
2013-08-21 06:00:00+00:00,181.0
2013-08-21 07:00:00+00:00,992.9999999999999
2013-08-21 08:00:00+00:00,246.0
2013-08-21 09:00:00+00:00,1588.0
2013-08-21 10:00:00+00:00,2512.0
2013-08-21 11:00:00+00:00,2396.0
2013-08-21 12:00:00+00:00,645.9999999999999
2013-08-21 13:00:00+00:00,492.0
2013-08-21 14:00:00+00:00,255.0
2013-08-21 15:00:00+00:00,220.99999999999997
2013-08-21 16:00:00+00:00,329.99999999999994
2013-08-21 17:00:00+00:00,641.0
2013-08-21 18:00:00+00:00,345.0
2013-08-21 19:00:00+00:00,1755.9999999999998
2013-08-21 20:00:00+00:00,2035.0000000000002
2013-08-21 21:00:00+00:00,1713.0
2013-08-21 22:00:00+00:00,2355.0
2013-08-21 23:00:00+00:00,2954.0
2013-08-22 00:00:00+00:00,607.0
2013-08-22 01:00:00+00:00,1266.0
2013-08-22 02:00:00+00:00,309.0
2013-08-22 03:00:00+00:00,1107.0
2013-08-22 04:00:00+00:00,1004.0
2013-08-22 05:00:00+00:00,445.0
2013-08-22 06:00:00+00:00,929.9999999999999
2013-08-22 07:00:00+00:00,1011.0000000000001
2013-08-22 08:00:00+00:00,551.9999999999999
2013-08-22 09:00:00+00:00,1356.0
2013-08-22 10:00:00+00:00,2043.0000000000002
2013-08-22 11:00:00+00:00,2921.0
2013-08-22 12:00:00+00:00,1045.0
2013-08-22 13:00:00+00:00,436.0
2013-08-22 14:00:00+00:00,445.99999999999994
2013-08-22 15:00:00+00:00,237.0
2013-08-22 16:00:00+00:00,215.00000000000003
2013-08-22 17:00:00+00:00,396.0
2013-08-22 18:00:00+00:00,311.00000000000006
2013-08-22 19:00:00+00:00,2894.0
2013-08-22 20:00:00+00:00,2019.0000000000002
2013-08-22 21:00:00+00:00,1322.0
2013-08-22 22:00:00+00:00,2418.0
2013-08-22 23:00:00+00:00,2152.0
2013-08-23 00:00:00+00:00,204.0
2013-08-23 01:00:00+00:00,229.99999999999997
2013-08-23 02:00:00+00:00,210.0
2013-08-23 03:00:00+00:00,293.0
2013-08-23 04:00:00+00:00,245.0
2013-08-23 05:00:00+00:00,198.0
2013-08-23 06:00:00+00:00,207.00000000000003
2013-08-23 07:00:00+00:00,232.0
2013-08-23 08:00:00+00:00,1475.0
2013-08-23 09:00:00+00:00,798.9999999999999
2013-08-23 10:00:00+00:00,2196.0
2013-08-23 11:00:00+00:00,1979.0
2013-08-23 12:00:00+00:00,1932.0000000000002
2013-08-23 13:00:00+00:00,688.0
2013-08-23 14:00:00+00:00,444.0
2013-08-23 15:00:00+00:00,200.0
2013-08-23 16:00:00+00:00,321.0
2013-08-23 17:00:00+00:00,802.9999999999999
2013-08-23 18:00:00+00:00,521.0
2013-08-23 19:00:00+00:00,2667.0
2013-08-23 20:00:00+00:00,2479.0
2013-08-23 21:00:00+00:00,696.0
2013-08-23 22:00:00+00:00,441.00000000000006
2013-08-23 23:00:00+00:00,1885.0000000000002
2013-08-24 00:00:00+00:00,532.0
2013-08-24 01:00:00+00:00,268.0
2013-08-24 02:00:00+00:00,974.0000000000001
2013-08-24 03:00:00+00:00,221.0
2013-08-24 04:00:00+00:00,214.00000000000003
2013-08-24 05:00:00+00:00,192.0
2013-08-24 06:00:00+00:00,212.99999999999997
2013-08-24 07:00:00+00:00,218.99999999999997
2013-08-24 08:00:00+00:00,1093.0
2013-08-24 09:00:00+00:00,1222.0
2013-08-24 10:00:00+00:00,2977.0000000000005
2013-08-24 11:00:00+00:00,2009.9999999999998
2013-08-24 12:00:00+00:00,912.0
2013-08-24 13:00:00+00:00,259.0
2013-08-24 14:00:00+00:00,355.0
2013-08-24 15:00:00+00:00,281.0
2013-08-24 16:00:00+00:00,329.0
2013-08-24 17:00:00+00:00,268.0
2013-08-24 18:00:00+00:00,442.0
2013-08-24 19:00:00+00:00,1593.0
2013-08-24 20:00:00+00:00,1266.0
2013-08-24 21:00:00+00:00,469.0
2013-08-24 22:00:00+00:00,393.0
2013-08-24 23:00:00+00:00,437.0
2013-08-25 00:00:00+00:00,264.0
2013-08-25 01:00:00+00:00,220.99999999999997
2013-08-25 02:00:00+00:00,200.0
2013-08-25 03:00:00+00:00,314.00000000000006
2013-08-25 04:00:00+00:00,237.0
2013-08-25 05:00:00+00:00,226.99999999999997
2013-08-25 06:00:00+00:00,1152.0
2013-08-25 07:00:00+00:00,225.99999999999997
2013-08-25 08:00:00+00:00,242.0
2013-08-25 09:00:00+00:00,1022.0
2013-08-25 10:00:00+00:00,1962.0
2013-08-25 11:00:00+00:00,2402.9999999999995
2013-08-25 12:00:00+00:00,524.0
2013-08-25 13:00:00+00:00,446.0
2013-08-25 14:00:00+00:00,425.00000000000006
2013-08-25 15:00:00+00:00,446.0
2013-08-25 16:00:00+00:00,618.0
2013-08-25 17:00:00+00:00,624.0
2013-08-25 18:00:00+00:00,224.99999999999997
2013-08-25 19:00:00+00:00,788.0
2013-08-25 20:00:00+00:00,757.0
2013-08-25 21:00:00+00:00,514.0
2013-08-25 22:00:00+00:00,436.0
2013-08-25 23:00:00+00:00,816.0
2013-08-26 00:00:00+00:00,721.0
2013-08-26 01:00:00+00:00,303.0
2013-08-26 02:00:00+00:00,272.0
2013-08-26 03:00:00+00:00,219.0
2013-08-26 04:00:00+00:00,246.0
2013-08-26 05:00:00+00:00,1162.0
2013-08-26 06:00:00+00:00,219.0
2013-08-26 07:00:00+00:00,852.0
2013-08-26 08:00:00+00:00,673.0
2013-08-26 09:00:00+00:00,1112.0
2013-08-26 10:00:00+00:00,2076.0
2013-08-26 11:00:00+00:00,1551.0000000000002
2013-08-26 12:00:00+00:00,248.0
2013-08-26 13:00:00+00:00,253.0
2013-08-26 14:00:00+00:00,238.00000000000003
2013-08-26 15:00:00+00:00,237.0
2013-08-26 16:00:00+00:00,247.0
2013-08-26 17:00:00+00:00,517.0
2013-08-26 18:00:00+00:00,341.99999999999994
2013-08-26 19:00:00+00:00,1145.0
2013-08-26 20:00:00+00:00,2261.0
2013-08-26 21:00:00+00:00,1738.0
2013-08-26 22:00:00+00:00,1307.9999999999998
2013-08-26 23:00:00+00:00,1475.0
2013-08-27 00:00:00+00:00,290.0
2013-08-27 01:00:00+00:00,242.0
2013-08-27 02:00:00+00:00,216.0
2013-08-27 03:00:00+00:00,253.0
2013-08-27 04:00:00+00:00,292.0
2013-08-27 05:00:00+00:00,242.0
2013-08-27 06:00:00+00:00,227.0
2013-08-27 07:00:00+00:00,221.0
2013-08-27 08:00:00+00:00,1405.0
2013-08-27 09:00:00+00:00,1068.0
2013-08-27 10:00:00+00:00,2344.0000000000005
2013-08-27 11:00:00+00:00,1659.0000000000002
2013-08-27 12:00:00+00:00,290.00000000000006
2013-08-27 13:00:00+00:00,453.0
2013-08-27 14:00:00+00:00,274.0
2013-08-27 15:00:00+00:00,502.0
2013-08-27 16:00:00+00:00,717.0
2013-08-27 17:00:00+00:00,583.0
2013-08-27 18:00:00+00:00,257.0
2013-08-27 19:00:00+00:00,1002.0
2013-08-27 20:00:00+00:00,838.0
2013-08-27 21:00:00+00:00,786.0
2013-08-27 22:00:00+00:00,2013.0
2013-08-27 23:00:00+00:00,1973.9999999999998
2013-08-28 00:00:00+00:00,228.99999999999997
2013-08-28 01:00:00+00:00,322.99999999999994
2013-08-28 02:00:00+00:00,263.0
2013-08-28 03:00:00+00:00,227.00000000000003
2013-08-28 04:00:00+00:00,224.99999999999997
2013-08-28 05:00:00+00:00,239.0
2013-08-28 06:00:00+00:00,215.0
2013-08-28 07:00:00+00:00,216.99999999999997
2013-08-28 08:00:00+00:00,249.0
2013-08-28 09:00:00+00:00,1079.0000000000002
2013-08-28 10:00:00+00:00,2481.0
2013-08-28 11:00:00+00:00,2064.0
2013-08-28 12:00:00+00:00,519.0
2013-08-28 13:00:00+00:00,356.0
2013-08-28 14:00:00+00:00,237.00000000000003
2013-08-28 15:00:00+00:00,349.0
2013-08-28 16:00:00+00:00,338.0
2013-08-28 17:00:00+00:00,475.00000000000006
2013-08-28 18:00:00+00:00,408.0
2013-08-28 19:00:00+00:00,660.0
2013-08-28 20:00:00+00:00,1274.0
2013-08-28 21:00:00+00:00,1643.0
2013-08-28 22:00:00+00:00,1339.0
2013-08-28 23:00:00+00:00,1589.0
2013-08-29 00:00:00+00:00,606.0
2013-08-29 01:00:00+00:00,215.0
2013-08-29 02:00:00+00:00,345.0
2013-08-29 03:00:00+00:00,232.99999999999997
2013-08-29 04:00:00+00:00,219.0
2013-08-29 05:00:00+00:00,241.0
2013-08-29 06:00:00+00:00,219.0
2013-08-29 07:00:00+00:00,218.00000000000003
2013-08-29 08:00:00+00:00,510.0
2013-08-29 09:00:00+00:00,1934.0000000000002
2013-08-29 10:00:00+00:00,2857.9999999999995
2013-08-29 11:00:00+00:00,2735.0
2013-08-29 12:00:00+00:00,413.0
2013-08-29 13:00:00+00:00,521.0
2013-08-29 14:00:00+00:00,541.0
2013-08-29 15:00:00+00:00,350.0
2013-08-29 16:00:00+00:00,330.99999999999994
2013-08-29 17:00:00+00:00,413.00000000000006
2013-08-29 18:00:00+00:00,281.0
2013-08-29 19:00:00+00:00,825.0
2013-08-29 20:00:00+00:00,1247.0
2013-08-29 21:00:00+00:00,538.0
2013-08-29 22:00:00+00:00,1367.0
2013-08-29 23:00:00+00:00,1111.0
2013-08-30 00:00:00+00:00,236.0
2013-08-30 01:00:00+00:00,253.0
2013-08-30 02:00:00+00:00,218.0
2013-08-30 03:00:00+00:00,217.99999999999997
2013-08-30 04:00:00+00:00,717.0
2013-08-30 05:00:00+00:00,563.0
2013-08-30 06:00:00+00:00,220.0
2013-08-30 07:00:00+00:00,245.0
2013-08-30 08:00:00+00:00,220.0
2013-08-30 09:00:00+00:00,627.0
2013-08-30 10:00:00+00:00,3393.0000000000005
2013-08-30 11:00:00+00:00,2063.0
2013-08-30 12:00:00+00:00,1095.0
2013-08-30 13:00:00+00:00,521.0
2013-08-30 14:00:00+00:00,414.00000000000006
2013-08-30 15:00:00+00:00,415.0
2013-08-30 16:00:00+00:00,415.99999999999994
2013-08-30 17:00:00+00:00,432.99999999999994
2013-08-30 18:00:00+00:00,443.0
2013-08-30 19:00:00+00:00,1571.0
2013-08-30 20:00:00+00:00,1968.9999999999998
2013-08-30 21:00:00+00:00,1706.0
2013-08-30 22:00:00+00:00,460.99999999999994
2013-08-30 23:00:00+00:00,444.99999999999994
2013-08-31 00:00:00+00:00,262.0
2013-08-31 01:00:00+00:00,253.0
2013-08-31 02:00:00+00:00,223.99999999999997
2013-08-31 03:00:00+00:00,230.99999999999997
2013-08-31 04:00:00+00:00,239.0
2013-08-31 05:00:00+00:00,218.00000000000003
2013-08-31 06:00:00+00:00,236.0
2013-08-31 07:00:00+00:00,227.0
2013-08-31 08:00:00+00:00,1233.0
2013-08-31 09:00:00+00:00,667.9999999999999
2013-08-31 10:00:00+00:00,2501.0000000000005
2013-08-31 11:00:00+00:00,1866.0
2013-08-31 12:00:00+00:00,1241.0
2013-08-31 13:00:00+00:00,561.0
2013-08-31 14:00:00+00:00,399.0
2013-08-31 15:00:00+00:00,374.0
2013-08-31 16:00:00+00:00,373.0
2013-08-31 17:00:00+00:00,391.0
2013-08-31 18:00:00+00:00,353.0
2013-08-31 19:00:00+00:00,1259.9999999999998
2013-08-31 20:00:00+00:00,984.0
2013-08-31 21:00:00+00:00,483.0
2013-08-31 22:00:00+00:00,422.0
2013-08-31 23:00:00+00:00,902.0
